reviewId,userName,userImage,content,score,thumbsUpCount,reviewCreatedVersion,at,replyContent,repliedAt
7005bcb2-ead9-48ca-beaa-666d23594e1c,峰岸あやの,https://play-lh.googleusercontent.com/a/ACg8ocLOGrNfI6YT8FF7QLDlDTLt9oAfVGgL239D71q4RziN=mo,レジ前でバーコードを読み取る前に「おすすめキャンペーン」や「おすすめ商品」に誤って触れてしまい、ブラウザに飛ばされてしまいます。 その結果、レジ前でもたつき時間がかかります。アップデートでトップページの動作は以前よりは改善されましたが、依然として使いづらいと感じます。 私は割引があるときだけこのアプリを使用しています。割引がない場合、絶対にこのアプリを使わないでしょう。,1,31,5.0.2,2023-10-25 23:23:43,,
fc96d4ce-3165-4585-8104-1df854521191,Botan Fuji,https://play-lh.googleusercontent.com/a/ACg8ocL03zXp6ywx_rVSkw0fp8lYYPpoyJS7JJiEokcbf7H6=mo,使いづらくなって残念、回数券とクーポン選択を何故分けてしまったのですか？以前は簡単タップで一度に素早く選択できていたので、駅の混雑レジで非常に便利でした。 画面上部で操作できるように改良してほしい。腱鞘炎の親指で画面下部と上部、左右をタップするのは片手では無理、バーコード画面もボタンも小さくなってしまい、もっと年齢高めの人にも使いやすいように考慮してくださいませんか？,2,154,5.0.0,2023-10-01 16:12:14,,
ce9b7a2c-8409-4290-bd58-7788f548ce14,Hironori Wakabayashi,https://play-lh.googleusercontent.com/a-/ALV-UjWTfEIgfb4PWnt_0VliBwm6qsAFvCx74GzVHlhNuRXgLTI,2023年10月21日(土) ポイントカードをTカードから楽天ポイントカードに変更したら、アプリの画面がくるくるマークのままで表示されなくなりました。アプリを入れ直してもダメ、端末を再起動してもダメ。開いたまま(バックグラウンドで)他の作業をして、しばらくして開いたら、ポイントカードの認証できずに時間がかかっていたようです。時間がかかり過ぎだし、認証中という画面にしたりしてくれないと、不具合かと思ってしまいます。,4,35,5.0.2,2023-10-21 09:58:56,,
b7d2af37-a70a-4ffb-91d0-04bda74916a3,yashima takayuki,https://play-lh.googleusercontent.com/a/ACg8ocIhrqCYQ_ZyuUduXhsRIzhBd3MCP29frTAs_tIh7rfp=mo,紐つけたポイントを貯める方はファミペイバーコードの中に組み込まれているので圧倒的に楽。時々、先にチャージしてから残高で払う処理を理解してなくて現金払いとして収納してしまう店員さんがいる。Pop掲示されているボーナスがこれだとつかない。 ただためたポイントを使う方はファミペイ残高と各ポイント残高の併用は過去に一度だけやってくれた店員さんがいるが、よほどレジ処理が煩雑なのか基本「できません」と断れれる方が多い。便利だがレジ待ちで時々フリーズするのがめんどい。毎回じゃないけど、フリーズしたら要再起動。 クーポンはさっと済ませたいからいちいち提示ページに潜らないことが多いし、見ても買おうと思ったものに噛み合ってない場合が多くほとんど使ってない。色々細かいところが惜しい。,4,32,5.0.1,2023-10-16 17:25:39,,
2eec1cac-4976-44ba-bf96-45c086b935b0,さいけん（さいちょん）,https://play-lh.googleusercontent.com/a-/ALV-UjU-ptsFtYLp0USDB4xF-Gt13oV0Q8_qfpagGt1A_bJzgts,今までTカードを機械に入れ込み読み込ませていたが、その機械が読み取りづらく何度となく失敗したことか、、このアプリを使えばバーコードを読み取って貰えれば簡単にポイントも付与されるので、大分楽になりました。 お得なクーポンも適時出されるので、損することはないかと思います。 無料クーポンも定期的に貰えるので一石二鳥です。某コンビニ大手よりファミマを使用することが多くなりました。,5,44,5.0.1,2023-10-10 10:38:39,,
d982be15-96df-4962-88b1-8151ce4ed8e6,ひな*,https://play-lh.googleusercontent.com/a/ACg8ocInkkqmW6JOczsNfjoaimLT5x1WC2A2OLxN5p_2GoK9=mo,■『FamiPayを使う』のオンオフボタンがホーム画面からワンクッション動作が増えた✕ ■『戻る』ボタンでアプリが閉じない仕様になった✕ 前のバージョンのほうが断然使いやすい。 それでも良いアプリだと思います。 セブンアプリみたいに商品在庫ができるようになれぱ最高。是非！,4,8,5.0.1,2023-10-13 14:15:16,,
e269feee-c9dd-49d7-89fb-e6345fdc996f,加藤哲生,https://play-lh.googleusercontent.com/a/ACg8ocLfhyVUgDIuntnX9-n326gfuP296LBlarURgbVyFbS8=mo,立ち上げる際に新規更新ありで更新しないとログイン出来ないが、ファミマの情報収集のために入れてあるだけだから、使えなくても別にいいけど、その程度のアプリと言うことですね。だいたい、クーポンをセットして30分以内に購入しないと使えなくなるのは不思議。一々、入店時にセットして急いで商品を選びレジに並んでいる間に30分以上たち、クーポンが消えることがあり意味不明なセット行為と制限時間だよなぁ。,1,45,5.0.1,2023-10-07 10:24:18,,
5a1bff6b-3769-4f06-9873-6b1c03e6ce48,ba9 gmo,https://play-lh.googleusercontent.com/a-/ALV-UjUbBmuPBdfHsmJ1xRlVeHSigxB4UoA-gGnA1jK_cqTkDiE,キャンペーンでアプリ更新を強いるものがあるが、その流れだと更新できずに先に進まない場合が多い。 またエントリーしようとするとグーグルプレイのファミマアプリページに飛ばされ、そこからファミマアプリを起動して、また最初に戻るといった無限ループになって進まない。,1,38,5.0.1,2023-10-04 17:35:51,,
87ace7d5-a616-430c-84ad-432f323e912e,ピノ,https://play-lh.googleusercontent.com/a-/ALV-UjUwESEFVLriCZr4jBGwaWSonjP8HIEj2yja5xRIQ4OOGXg,大変使いにくいです。 銀行口座からチャージ出来るように設定し、チャージして使った事があるのに、次にチャージする時はまた銀行口座を登録しろと言われ、免許証の写真も何度も何度も何度も何度もエラーが出ます。 他のバーコード決済アプリでこんな事は一度も無いです。 普通は一度登録したら、その口座からチャージ出来るものじゃないですか？ コンビニでちょっと買い物するのに物凄く手間と時間がかかり、あり得ない仕組みだと思います。,1,32,5.0.1,2023-10-11 17:47:02,,
63bbc517-32fa-422a-a9cc-513c83cd641d,まぁ219,https://play-lh.googleusercontent.com/a/ACg8ocKerWvixN5NiJkB5CaHDbU1NRb4Mc77SkBwwVPpZ534=mo,10日・25日のチャージに特典があるのは結構だが、忘れた頃に特典クーポンを配信し、そこからまた更に数日経過すると新たなクーポンに紛れて行方不明になる糞仕様。 穿った見方だが、特典クーポンを使わないまま期限切れにさせたいのか？と思ってしまう。 7-11アプリのように無料引換と割引で分類可能にするか、不要なクーポンを削除可能にして頂きたい。 上記の文章を書いてから数ヶ月経過したが、一向に改善される事はありませんね。最低評価とさせていただきます。 追記…UI刷新である程度改善されたので、最低評価を取り消します。,4,32,5.0.0,2023-10-06 00:46:35,,
d0570497-0474-4b44-8c1e-fe918137dc70,anglerじゅんべ,https://play-lh.googleusercontent.com/a/ACg8ocIMQuq-BptyScU-XFgP6pT0_ryF6hj4GbgI57aa9IH5=mo,レシートに印字されている割引クーポンのQRコードを読み込む時かなりの確率で失敗になる。 失敗すると２度とそのクーポンは受け取れなくなる。 レシートに付いてきたりアプリに届いたりして面倒だからアプリに届くクーポンに統一すれば良い。 アプリの無料クーポンが届いたとのお知らせがあり見てみたら割引クーポンだったけどどういう事？,1,1,5.0.1,2023-10-10 09:59:50,,
d1ca7d21-2811-4c2d-b95e-01cb72579dca,Tetsuya M (Bergerac),https://play-lh.googleusercontent.com/a/ACg8ocKHRqthA9Z8-5yeKoV6mDKYU0LKb7VT6NCwErO64gYG=mo,アップデート後、戻るでアプリが終了できなくなり地味に困っています。私の環境だけでしょうか。その他は概ね良好です。追伸:その後のアップデートで以前のように終了できるようになりました。ありがとうございます。,5,1,5.0.2,2023-10-23 10:31:20,,
8d995a97-ccc2-4298-a8e5-6c223238a3c2,大和魂,https://play-lh.googleusercontent.com/a-/ALV-UjUFQ_ace_G2Ipv09rquGJVZtC6AX9Swr1sA9P979-xZ6w,いつも利用させてもらってます。色々と無料クーポンや、割引クーポンがあって嬉しいです。特に賞味期限が近くなった商品よ割引は廃棄の無駄が減る素晴らしいアイデアだと思います。私は、すぐ食べる時は賞味期限が近い割引を買うので、お店も古い商品から売れて廃棄が無くなり、消費者も安く買えて納得です。,5,1,5.0.0,2023-10-04 21:22:52,,
aa7e06a7-2a35-4d2c-98ad-e07c576c84de,M O,https://play-lh.googleusercontent.com/a-/ALV-UjWIlBs-l1IqWk1GNflEmezJeDY5opGc4ZDZVoigG2uIkGY3,アブリを利用させて頂いています。買い物をしてもポイントが付与されません。付与されるのはゲーム？でのポイントのみ。なので全然ポイントが増えません。連携側はきちんと付与されていますが。２倍どころか……です。 何か原因があるのでしょうか？,3,0,5.0.2,2023-10-25 00:01:07,,
76d13c75-2725-4928-8078-ce264c04536f,A N,https://play-lh.googleusercontent.com/a/ACg8ocIZ3__qV9bi-SgRfMzp0qstxUWulLDsxqhwSF__-NGE=mo,大したアップデートしてないんだから、アプデしないと使えない仕様に変更したのは非常に不便で迷惑。あと「新しいアプリが公開されています」と表示が勝手にしゃしゃり出て、アプデしないとその表示消せない仕様も非常に迷惑。他社のコンビニのアプリは、更新しなくても使えますし、こんな図々しい表示はしません。このアプリ製作者はホントにセンス無い。レジ前でいきなりアプデしないとアプリ使えないと表示され慌ててアプデすると、アプデ後は勝手にログアウトされててパスワード入れろ→SNSコード入れろ→更にファミペイ払いにしようとするとこれも勝手にログアウトされてて、更にパスワード入れろ→SNSコード入れろ→ようやく使える。これをレジ前でするんですよ？毎回毎回。ファミペイを使おうとするとネチネチ嫌がらせって、ファミペイ使うなってこと？ あと、VPN使用下だと使えない点も非常に不便。それと金額だけじゃなく、きちんと何を買ったのかレシートみたく、明細を表示して下さい。案の定、調べたら割引忘れされていた。,1,168,5.0.2,2023-10-22 22:33:26,,
3c33f180-5982-466e-a72b-b320e0aff31b,ゆうこ,https://play-lh.googleusercontent.com/a/ACg8ocI1SpuNan9WBERlL0-Rf3zBHXZIZXjC__yM1xFyVD-p=mo,クーポンは使える商品が決められていて、パスタだったらパスタ全品に使えるとか麺類ならどれでも使えるとかだったら使いやすいです。そこだけが残念なところです。,4,0,5.0.2,2023-10-29 21:47:00,,
f2a97cc2-4c8d-4318-95c3-84deff4fc134,SKU犬（セキゆOh!）,https://play-lh.googleusercontent.com/a/ACg8ocITAJN9CpaTx4TXQWXeMR3wd8T1xvBZkIkDUIcTxhE_=mo,今時のアプリで更新ありの時にバーコードが使えないとか、なかなか時代錯誤なアプリ。 クーポンも微妙で、もともと使うメリットが少ないアプリだから、これぐらいは改善して欲しい。 可でもなく不可でもないアプリ、上記の理由で-1としました。,2,0,5.0.1,2023-10-10 07:16:37,,
2bdf1ec6-f4a1-4882-ad93-ed7354a46baf,池添茂樹,https://play-lh.googleusercontent.com/a/ACg8ocIfYextlEI4M2joPnz91v_36kUwMBkA-LWLwkiL5Dpj=mo,以前の画面に慣れてる、特に年配の方がパニックになっている。 開発している方々は「見ればわかるたろ」の感覚だと思うが、とにかく使いづらい。前のままでよかったのに。何1つ良くなった点が無い。困惑する人達でレジが混んで大迷惑。,1,6,5.0.1,2023-10-06 19:02:34,,
e58a58d8-00df-49d8-85e4-a2f3bcf19d84,Y T (Smithfield),https://play-lh.googleusercontent.com/a-/ALV-UjXOASCXnZb_U1ltG1Pt-5_3jvmA_UsVAzwE8Bh3r92-Xg,回数券とクーポンを別タブに分けたのを知らずに使い切ったと思い、回数券を買ってしまいました。 回数券の使用は今まで1タップだったのに、2タップして更にホームに自力で戻らなければならなくなったので、本当に不便になってしまいました。,1,1,5.0.1,2023-10-04 09:55:31,,
097767de-6f45-4fe9-9411-74a7b5321229,Rock Big,https://play-lh.googleusercontent.com/a/ACg8ocIJwv80f1Q2zKLwhXC0StlZYBur5xZ3DE7Qd1M4-Vgz=mo,タブレットで使用しているが、アプリを更新したらバーコードの表示が大きくなりスキャンできなくなってしまった。 縮小表示機能をつけてもらいたいです。,1,9,5.0.1,2023-10-08 10:18:19,,
faf37506-2eba-4e91-adb0-84731ab96f3d,N西川口洋,https://play-lh.googleusercontent.com/a/ACg8ocI_VMrix12EU8lK_eJ3D_HWHfg3JyXr3pGpoODK7oqu=mo,クーポン数は他と比べて少ない感じだがわかりやすくていい　：　クーポンドレッシング通知だと一本無料になってるけどクーポンは100円引きにってるけど通知が違うんだろうね一本400円以上するからね無料じゃないな　：　ファミペイのいいところは2個ある一つはファミマで使えること笑それはいいとしても一つは通知音が独自でファミペイの通知ってすぐわかるとこかなあとほかのペイに比べて機能が少ない分軽い感じ　　以前は出来ていた楽天ポイントの連携が出来なくなった楽天にはログインはしているらしい（ログインのメールが来る,4,4,5.0.1,2023-10-13 14:29:19,,
304b366a-b309-46f6-bf03-5f35bc02c40f,人,https://play-lh.googleusercontent.com/a-/ALV-UjXCFQijJq6VS_lFPyM0aKcviT3yU7ZXaSdYfrto9lGklc_f,使いづらくなりました。 この間、メッセージの送信ミスで「100円引き」を「無料クーポン」と書いて届きました。それは構わないのですが、問い合わせで「返信不要」を選択したのにも関わらず、返事が来て、小馬鹿にした内容だったので少し腹が立ちました。,3,1,5.0.1,2023-10-13 12:35:10,,
e26f6326-5b48-4168-a4b0-e6d5cd3abf3c,nanasi nameless,https://play-lh.googleusercontent.com/a/ACg8ocKGsrizWTd7hJdRReRz_fEYGBLhbOP8kWzdTD0Mp9Ib=mo,先日のアップデートで画面レイアウトなどが変わり、非常に使いづらくなった。もとに戻して欲しい。 特に回数券がぱっと出せないのが非常に不便。,2,1,5.0.0,2023-10-02 08:03:50,,
46efe417-fb5e-439a-a41d-9950bca10a98,Yu,https://play-lh.googleusercontent.com/a/ACg8ocJBuPRP2APJlnuJfBSQYHwfNae8pkhKj3TiQQ5SFJ-Z=mo,期限切れのクーポンがよく表示されます。 一見利用可能ですが(期限内のクーポン同様の表示です)、レシート見て値引き反映されておらず、その度にクレーム入れたくなります。,2,0,5.0.2,2023-10-29 18:17:29,,
5b852bda-9dc2-40f3-b569-95f730821ba9,Yusuke Ito,https://play-lh.googleusercontent.com/a/ACg8ocKFsnpxWziQxUsM7-n60SDnDKYgxi2NxmBP8VkRWAPV=mo,起動が遅いです。 一番の利点が会計がパッと済むことなのに、アプリ開いてからスプラッシュ画面も合わせて5-10秒の待ち時間。 バーコードだけ先に出してほしいです。,2,1,5.0.1,2023-10-16 09:11:28,,
9cf21b6b-0ac1-4f51-b502-cdb6cd540d7a,松本和也,https://play-lh.googleusercontent.com/a/ACg8ocLMiDWa9yXRKlltOOqerJZaVKo1o7Clx8s2Tl-9yHbD=mo,とても使いづらくダウングレード!送り先が確定していなくても間違って贈るボタンを押してしまうと回数券が消えてしまう欠陥アプリ,1,0,5.0.2,2023-10-29 11:12:01,,
be097987-20ee-41f4-8012-6e3d5d39994a,ts,https://play-lh.googleusercontent.com/a-/ALV-UjV29fvHxLf2Z_D0csbdVX8nt1cd_X1rnL3qBTPM4lxGVnc,クーポンもまとめて使えてチャージしたら支払いも出来てコンビニアプリの中でいちばん優秀だと思う。 たまに無料券も貰えて使わないクーポンは友達に送ったりできるのもいいですね,4,0,5.0.2,2023-10-24 12:56:36,,
35394bf6-b597-4983-88d1-bef733576c35,ぱれ,https://play-lh.googleusercontent.com/a-/ALV-UjXfoPQayc78b-5Q2y_16kdH2yh1VWYYzMgyxWl8FUU_8Ps,アプデの度に使いにくくなるし、端末変えてログインしようとしたらシステムエラーコード199って何回やりなおしても開けない。こういうとこでも最弱か〜ᵔᢦᵔ,2,0,5.0.2,2023-10-26 01:42:48,,
987a1e1e-52a4-464c-9c12-ee90fe29ab5a,mami mori,https://play-lh.googleusercontent.com/a/ACg8ocKOIxVTULOTcJGi1bTB6Mwr-ihnSqhf3CkLSGGjUje1=mo,急にバーコード表示のサイズが大きくなり、タブレットで使用できなくなりました。残高も使用できず大変困っています。,1,0,5.0.2,2023-10-26 18:08:08,,
765c235e-baa1-4bfe-9481-892d509ecde1,佐々木狐汰狼,https://play-lh.googleusercontent.com/a-/ALV-UjW1GckmsQpACeMzwj5ddAwojJGQ7kW9PKatBm6zoX-iz-M,最初は予定注文で利用していたが今や キャッシュレスとして使っています。 イザ財布の残高が足りない時に使えます。 まだポイントは体験していないけどね。,4,0,5.0.1,2023-10-12 18:28:31,,
a994c51d-e527-4f6b-bdf6-0024bbf56b98,madpack1,https://play-lh.googleusercontent.com/a/ACg8ocJNE6p7LxnpGIuCQpN2P7U-2LMfH7-LuuOgugE8_mHf=mo,使用後の操作が煩わしく、使い勝手が悪くなった印象。以前のように端末の｢戻る｣でアプリが終了するように戻してほしい。,2,2,5.0.1,2023-10-09 00:25:05,,
4d412756-ea1f-4547-b511-fb655b233389,z “Sam” k,https://play-lh.googleusercontent.com/a/ACg8ocKB1L5Mgxz6pVLLiftAq6Df302NIojXcFCsn1neflMa=mo,ポップアップが非常に邪魔です。通知なら放置できるがポップアップは無視できないため作業が滞りそのたびイライラするのでどうみても逆効果。,2,1,5.0.1,2023-10-12 09:56:35,,
277694a1-9b15-49b1-a76c-43d26873b031,よっちゃん、,https://play-lh.googleusercontent.com/a/ACg8ocIKZrp8DtKCIl4NNa97B_FzqGXb-pX8uCAEnsjYb66V=mo,配布のお知らせが無料クーポンとなっているのにただの100円引きクーポンでした。 普段からアプリをしっかり使わせていただいている分非常に残念に思いました。,2,0,5.0.1,2023-10-10 11:28:20,,
c1acc0bb-298f-4484-b5bb-9cdde456592d,ハイパーはつね,https://play-lh.googleusercontent.com/a/ACg8ocLVP9CMQKjM-f5GCqvisBRq8ePV4s_ZlpgJyfSwzoz3=mo,バーキコードが大きくなったので店でコードを認識しなくなり使えなくなった。改悪前は、普通につかえてた。セッティングをもとどおりにしてくれませんか。,1,8,5.0.1,2023-10-07 21:28:25,,
4c0614c0-cac4-46e3-9cd1-23d8c6235304,大島丕紗子,https://play-lh.googleusercontent.com/a-/ALV-UjXyUgjNFXdRCEi0bZ20_b_VCJEL5ZsaMNOdo0n4i-RDeak,不正アクセス防止が、色々面倒ですが、安心のためには仕方がない無いと思っています。 ただ、ログアウトと退会が並んで有るので、離して貰える有りがたいです。,4,1,5.0.1,2023-10-14 10:45:39,,
cbf8802c-4945-4b48-995c-b7c3f13b58b0,uz suzy,https://play-lh.googleusercontent.com/a/ACg8ocI97dIBC_tZOeWC4I9iXiBG2tykJFsDF__5HWWLV5Vb=mo,アプリ不具合多し。 アプリの通知で無料クーポン付与のメッセージが届き、アプリを開いたが無料クーポンは無い。なんで？ リンクに飛べない等の不具合もよくある。,2,1,5.0.1,2023-10-10 09:51:12,,
2f142d84-1035-4751-b091-08ec8dcbf6ff,谷川敏也,https://play-lh.googleusercontent.com/a-/ALV-UjXxUl8-cPdg5pEomu5M1wzRIwDEjCZXxMxpVO92BsaA6qs,毎朝、利用してます。スタッフがてきぱきしていて待たされず快適に出勤出来ます。ただ、品切れの時、特に雑貨が少し長いかなぁ,4,1,5.0.0,2023-10-04 11:43:31,,
64a47721-efe0-4fb2-8194-344007887b2f,makiko “517”,https://play-lh.googleusercontent.com/a-/ALV-UjX9-dSIkvYLajaqlbbSu5qCQ99xtsAxU-o-lPcewzOkfuw,最新バージョンにしたら、戻るボタンで終了できなくなり、アプリが閉じられない。,2,2,5.0.1,2023-10-19 00:00:43,,
e3ce4a92-fd79-4f55-87de-c4f5db1eeae1,リョウ,https://play-lh.googleusercontent.com/a/ACg8ocLCxeU5DeYnh7UWG_Zle5pZ2DIfOYG2qY9-hQTEQ-Kw=mo,タブレットで使用すると、バーコードが大きすぎて読み込めないので使用不可。何を考えてアプリを作っているんだろう。,1,7,5.0.1,2023-10-08 12:23:54,,
eef07008-ec86-43aa-89cc-59dfc9b45950,e‐Herb,https://play-lh.googleusercontent.com/a-/ALV-UjXlbe_N7Rma9-7VZjpQ_MkvyxR7kvEgqNNoFD_PIj70lW0,FamilyMartをよく利用する方はファミペイ支払いが便利。 頻繁にお得なクーポンも届くので 少なくても週７回は利用しています。,3,0,5.0.1,2023-10-15 06:57:42,,
4c3da2b0-6ffd-40e5-bffb-418e0a6df7e0,TV Yuta,https://play-lh.googleusercontent.com/a-/ALV-UjURg-AwuT-PAGzEICSm7iVzeTUxojJENtF-oRCdofMLRNg,無料クーポンが来るけど、たまに表示されない時と100円引きとかのクーポンが出る。無料と表記されても、○○円引きになっているとがっかりする。,3,0,5.0.1,2023-10-10 13:24:02,,
08538b86-6306-4128-8e0c-fe3adc4553c4,t ryo,https://play-lh.googleusercontent.com/a/ACg8ocLH9GoFufg2alHs8ZJY22U6g-lmAC7ZkVsArKNguntv=mo,アプリをインストールしましたが、ずっとグルグルしていて全く使えないのは何故？使いにくくてアンインストールしました。これでスッキリ☆彡,1,0,5.0.1,2023-10-07 16:59:40,,
0b04f44c-0e61-452f-88f7-0ccf92bf22ec,Mayu Asagi,https://play-lh.googleusercontent.com/a-/ALV-UjUNawSUbBZ3Rlf4SudaClW7jO-2KFb0rrSsIkhCJEKaCpQH,ログインしたあと、永遠とロード画面。でも、通知は送ってくる。,1,0,5.0.2,2023-10-27 08:42:48,,
fb642643-fc3d-422c-b44d-8d5e131ada2d,Y Y,https://play-lh.googleusercontent.com/a/ACg8ocIJgdIjkev_wl1VBFW_gd2dZhP4phpE6O6Y_d4I2NMs=mo,UIが変更になってホームに戻りにくいしなぜわざわざこの並びにしたのかわからない 無料クーポンにかなりのばらつき,2,2,5.0.2,2023-10-27 21:56:53,,
b57b0af3-e223-45a9-8b38-896d92fe9830,西原文徳,https://play-lh.googleusercontent.com/a/ACg8ocI2pR_min4mu5M3Wyvg5PVJuptg8zEgunfZDSRtNy2B=mo,店頭にて、アプリを更新しないと使えず、いざ更新！だが、45分経っても更新が終わらず何も買えずにファミマをあとに！二度とファミマで買い物はしないから、アプリに入っているお金を返せ！！ 本当は星０！！新しい取り込み詐欺！！,1,2,5.0.2,2023-10-23 01:24:28,,
b3d669bc-b75b-48d8-a748-6a8d8e8851a5,yosinori horie,https://play-lh.googleusercontent.com/a-/ALV-UjVjFBm38eMP-nIdAN-I54JEukmXgrx_uQBnMLuyMCVXFKud,回数券が使いにくいですね 6アクションしないとレジへ行けない 毎日使う回数券なのに残念 最短で使えるように改善願います,1,3,5.0.1,2023-10-13 22:21:12,,
a3ab205e-f49c-47ef-a21a-53254025cbe1,宮崎実,https://play-lh.googleusercontent.com/a/ACg8ocLK7JlCdvtzCyTKlJAln9A5VTtJLYjI1nlcbe7GlEwA=mo,自分の持ち金に合わせてチャージ出来、使いすぎずポイントも貯まるのでお得な気持ちです,4,0,5.0.2,2023-10-31 14:37:40,,
350226ae-19b1-42c7-acb4-609af5eb3a5a,藤田宣広,https://play-lh.googleusercontent.com/a/ACg8ocICaeMxKMfEjQZI9lnLwTAvmMDTzwedtzLZ8EjSCQ1K=mo,アップデートしたら左下ボタンだと戻らなくなり凄い使いづらく前のやつに速急に戻してください❗😡そして新機能全くもって見にくい❗😡😡😡前のバージョンのバーコードとか大きく表示に戻してください❗😡😡😡😡😡😡😡😡,1,2,5.0.1,2023-10-04 03:19:13,,
fbb9eac0-fd70-49b1-ad76-39ef5cfa0b2b,マサミツ,https://play-lh.googleusercontent.com/a/ACg8ocJ4_IGW4yFVuNZQstr-jlOcI07bCtjNrY_6yzwSSO9W=mo,ポイントやクーポンなど、おトクで使いやすいので有り難いです。,5,1,5.0.0,2023-10-03 18:05:27,,
9c187c4a-8195-43bc-9b61-16238f4416bd,かぁかぁ（かぁ）,https://play-lh.googleusercontent.com/a-/ALV-UjWoxqIWbGlP_CwrAweR1mU3p9sj-vXE2vOITK3l3maUNAO9,お得な無料クーポンお届けってメッセージあり開いたら無料でなく100円引きだった、無料だろうが100円引きだろうがどうでもいいが、違うの開いたかとか気になり探した時間がもったなかった。,1,14,5.0.1,2023-10-10 11:21:52,,
672fffd0-02c0-41ff-a20c-7e73b74b3d76,なべ,https://play-lh.googleusercontent.com/a/ACg8ocJ-ogioQhaRPJS7dbGONFctbwmesm5oU94nDtpKzHzW=mo,電気代など公共料金を店頭に赴くことなく支払いができるので重宝してます。,5,0,5.0.2,2023-10-25 15:01:49,,
95969b8a-3b56-49b8-8228-0c810a65b0ed,S S,https://play-lh.googleusercontent.com/a/ACg8ocI-m_M5TKYg1Okn-zIH2pu5NscYa1F7KaWXmB_YrFci=mo,メッセージ一覧で一括既読機能を追加してほしいです。,2,0,5.0.2,2023-10-27 11:04:46,,
e401a544-507f-400c-9a90-b99b69f058d9,砂川きよみ,https://play-lh.googleusercontent.com/a/ACg8ocJPfJImINTVVMXul7W8L-6t75r_7PO8cTOGSeMlwQfv=mo,最近、戻るボタンを押しても閉じられないのですが？ 買い物終わって、すぐ閉じられないのはちょっと不便です。,4,2,5.0.1,2023-10-05 07:21:36,,
2cca0ee3-d8de-46b7-8925-28af0d435179,藤井哲也,https://play-lh.googleusercontent.com/a-/ALV-UjXEPiRNIqognQ8dXY5bHYpk7wTcPxDXiDTUGVYY82rPrUU,他のコンビニアプリと比べてクーポンの配布も多くてお得感があります💰,5,1,5.0.1,2023-10-07 14:02:56,,
7214d2a2-649e-4083-baef-d643c18c201c,Ma “Mas” San,https://play-lh.googleusercontent.com/a/ACg8ocKf9RgeUfyNPoinqvtfdguGTBFs2ZXO_BBp0r_t2MaK=mo,『戻る』ボタンでアプリが終了しなくなった。終了するように改善してください。,1,6,5.0.0,2023-10-02 12:40:59,,
71fd9ba6-52a1-4181-9383-6fd4a6f41aa3,小倉有保,https://play-lh.googleusercontent.com/a/ACg8ocImM5ipP_Ysosf7jGP8IQYHr_I0rgxaDzTLVc8xHSwu=mo,最高で月25万円 最近は月に1万円ぐらいで落ち着いてます ありがとうございます いつも使わせて頂いて感謝しています 過ごしくお菓子も美味しいし 最近はおにぎり ばっかり食べてますけどそのラップになってるやつも美味しいなと思うしパスタ屋 お弁当が大好きです 後 サンドイッチをしょっちゅうたかっています ジュース 思う本当に生活の基盤にしてしまってるので,5,0,4.12.0,2023-10-20 04:17:46,,
da627ecc-1369-42c5-8697-851d5ba5864f,ボストン,https://play-lh.googleusercontent.com/a-/ALV-UjWCMIFJMZ8Wo-FeKmUSPc_jyzelhP_k7kYHc19sR18CYw,JCBのクレジットカードしか登録できない使わせる気を感じさせないゴミアプリ。 使い勝手が悪すぎる。,1,1,5.0.1,2023-10-10 18:50:30,,
f35ee7f5-6cf0-46d2-9b30-d821a3e9aa79,西陽子,https://play-lh.googleusercontent.com/a/ACg8ocIoDhWK2k1jVOHXCFGK1rjGt1KJKtDXhXHnLrWPcQqw=mo,カービィのコラボで登録しました✨こども達、美味しいと喜んでます。 これでカービィカフェ予約取れなかったけど、償いが出来た気になります〜,5,1,5.0.1,2023-10-06 11:21:24,,
156eb72c-1983-445e-af7a-4c96e858d489,坂下明美,https://play-lh.googleusercontent.com/a/ACg8ocI0xitr44kQTjwmQi70H7ZXrB_LqKmiU9UUil5RTy8=mo,スマホ操作が苦手な方ですが、見やすくて使いやすいアプリです！,5,1,5.0.0,2023-10-03 00:08:06,,
36187cc3-911c-4447-8d4c-26a292b54dd2,三原正成,https://play-lh.googleusercontent.com/a/ACg8ocIpHwGleee5LzVTUYsIoJeWrNgMO6ePpkXvT1cen8x6=mo,クーポンやギフトがあり、良く行く所にファミマがあり、よくアプリを使う。,4,0,5.0.1,2023-10-14 10:28:16,,
7152aeed-accd-4260-8080-cb98ab921e61,伊藤家,https://play-lh.googleusercontent.com/a/ACg8ocIQC8rB_sgPphOUeQlKw3oTWHjfohE8lG6TM-tNX7tI=mo,アップデート後、アプリが終了できなくなりました。改悪です。,1,5,5.0.1,2023-10-06 19:04:30,,
d27a8b43-241d-4256-9cc1-b425ccd3afa9,たなぞう,https://play-lh.googleusercontent.com/a/ACg8ocJJB3ZdDZANsEHff23h_NQfirxfK3E0hPNoC6K_udKe=mo,アプリを終了ができず毎回閉じるときは強制終了になるのどうにかしてほしい使いづらい,1,2,5.0.1,2023-10-05 02:45:21,,
a2d211b4-ec28-4a8f-a754-7722236e882a,Asdf Kjhg,https://play-lh.googleusercontent.com/a/ACg8ocIFUqUltyVNk15RGSiDE8eXXuIJH7aJ6tw3hvd5BXP1=mo,毎日のチャレンジは某ーソンのアプリよりもポイントが貰えやすいので高評価です。,5,1,5.0.1,2023-10-06 09:56:49,,
879607e1-e1da-4319-bbfb-8b9b28c0641d,坂巻高志,https://play-lh.googleusercontent.com/a/ACg8ocLUTXWRsjuUq6Pz0g8-9C29UJPNhH80sxBkjtgS8onQ=mo,多機能で良いです。 使えるお店を更に もっと増やしてください。,4,0,5.0.1,2023-10-18 02:07:31,,
8018a39b-efe4-440c-bfd7-489ae0a9631e,ココナッツベリー,https://play-lh.googleusercontent.com/a-/ALV-UjXTp7yEcdl-bmdZVL9aH7nG3B68RjPwCg1iaYZ4Mk7PKzw,１点無料クーポンの通知があったのに、クーポン画面に出てこない！,3,0,5.0.1,2023-10-10 11:55:27,,
128047ac-7f43-48c9-8f97-05910be1f57d,Choji Katsurayah,https://play-lh.googleusercontent.com/a-/ALV-UjUgcT0ELg0A5kl8ikDhSOVlMYCloikAqK6N_Z4aQS7nOw,毎月「当たる」ゲームがあって楽しみ。 当たらないけど。,5,0,5.0.1,2023-10-04 19:19:44,,
ee839995-03fe-4bff-a91d-26b799958327,yo my account,https://play-lh.googleusercontent.com/a/ACg8ocLWX586vDF_dA8CjWnH8_aJMcAqyZ3navZYsZ4g4NXy=mo,ポイントが貯めづらい、200円以上ファミペイ利用しなければならないのですか。 アプリの戻るボタンが反応せず、サポートセンターに質問すると回答が「携帯キャリアに聞いてくれ」とのこと。 アプリを見直す気無し,1,2,5.0.1,2023-10-05 00:18:55,,
3cc152a1-c9e5-4f4c-9b8a-2ecf251406fd,もげこ,https://play-lh.googleusercontent.com/a/ACg8ocLb8MvSjoHkXsOL74Z0i2GiSkmHKfGjivDpHMdIIKal=mo,月２回のチャージの日 もう、魅力がありません。 弁当買わない人は100円引き全く意味がありせん。,1,2,5.0.1,2023-10-07 10:08:00,,
e66d7d41-96a4-4093-88c7-2a53d0fd29bd,sai sai,https://play-lh.googleusercontent.com/a/ACg8ocJMvAkyu-XwZgMWljUegMDclcH_W-TPX2OwOtMm8Bou=mo,更新したら、アプリが終了できなくなった。最悪だ。,1,0,5.0.1,2023-10-09 19:59:50,,
72f34788-0303-48f6-84a1-d87bf7d4784c,よっさん,https://play-lh.googleusercontent.com/a-/ALV-UjXr35OLxRQkhAWZFt6nvJd7q0fG_ACgzgnh2OeTyfcn_6U,使いにくくなったね😅戻るをタップしてもアプリを解除出来ないし⤵️,2,1,5.0.1,2023-10-07 10:52:12,,
a56a2373-9ec1-462f-a3eb-b9e215cce5e3,Kodzura NullPo,https://play-lh.googleusercontent.com/a/ACg8ocLZY7o2zysEsXEHZZIUkR9NFIWpHHXAeh3CGDC2GVwH=mo,レシートクーポンをその場でアプリに読み込んで合併出来るのは便利。,4,3,5.0.1,2023-10-04 13:18:08,,
0b45891b-9eb7-44c1-9437-084f5a0fddf0,峰松健仁,https://play-lh.googleusercontent.com/a-/ALV-UjXjVZKTMogvgHkGq4En7VP2yVYyIDnJbW7Uxigc267glJ8,毎月クーポンキャンペーンがあって良いと思います。,3,0,5.0.1,2023-10-17 19:08:44,,
3590091f-d56b-42ee-8129-d00fc4d25a6e,Makoto Okada,https://play-lh.googleusercontent.com/a/ACg8ocJDUD1ntqknEOWtJvt1lgKjvTHp7LA7F6_vw0tcBLf4=mo,戻るボタンでアプリが終了出来ない。,1,3,5.0.1,2023-10-16 11:20:47,,
12df2e75-e32a-4d4b-a3fb-ca12f6c90847,kakki,https://play-lh.googleusercontent.com/a-/ALV-UjWZSePkuW0fZVM7aNOnBKeyLufwHZEn09t_PnvSRRWedOg,今回の更新でUIが洗練されてとても使いやすく、見やすくなりました。,5,1,5.0.0,2023-10-01 20:44:10,,
909519e2-eb1f-462b-a8bf-afb707ab49bc,35 yoruyan,https://play-lh.googleusercontent.com/a-/ALV-UjVdYnlv5N59yThrOnDd1W79z-VlY-tSPAUrC69J_nWcx6w,戻るボタンで閉じれなくなった。 非常に不便,2,4,5.0.0,2023-10-02 07:07:05,,
16cc975d-62f2-43eb-8347-7b243cea9737,睦美,https://play-lh.googleusercontent.com/a-/ALV-UjWg3E2ZcqL6PX5L5l9BzggVJ4HPbuAsaeiMJ0-EWkq00UHS,ゲームでファミマPayとdポイント、楽天ポイント、tポイントの1つを選べてポイントが貯まるのがめちゃいいですね🥰,5,1,5.0.1,2023-10-12 16:30:06,,
ceeee738-eafd-4f6a-b5b7-9cc2f13646c9,keybou oo,https://play-lh.googleusercontent.com/a/ACg8ocJl9tvCoVIUHa6DGT1hFPxJuRLT4VRCdNZxEoJ3Petw=mo,クーポンを添付して一発で支払えるのでセブンイレブンに比べて格段に使いやすい。レジでファミペイでって一言が少しメンドー(笑),5,1,5.0.0,2023-10-02 08:29:06,,
7c953851-e4d1-4f63-881d-a2850c7f23dd,munehisa nozawa,https://play-lh.googleusercontent.com/a-/ALV-UjU6TPIXk_OtCbTOc8U3ssBp-ya80eRuwK2G4nmFGz8F3e4,端末の戻る操作でアプリを終了できない,2,3,5.0.1,2023-10-05 10:25:21,,
ebe1586f-c027-4dab-8aba-5525c07b3550,Shin OK,https://play-lh.googleusercontent.com/a/ACg8ocKswca-qaEl1kUEhyfwsSu1frqgE_ATp6N7PCWIv48-Vg=mo,デザイン改悪で使い難くなりました。 残念です。,2,2,5.0.1,2023-10-04 06:53:49,,
68af6024-f172-4db6-967c-72ae3ce29f63,isamu kouga,https://play-lh.googleusercontent.com/a-/ALV-UjWehQFjZm9KJQL8VCoi6ke1jfGNJCITW0Fnybk2p2mz1iA,使いやすいしクーポンも分かりやすい,4,0,5.0.1,2023-10-17 10:37:42,,
b76c079c-dca3-492f-ad1a-869c8a5726d8,三浦小ずえ,https://play-lh.googleusercontent.com/a/ACg8ocIEXbX0V2_UsdYeK-x7fIi4kyI3gdOkyFxvsDNx-k_m=mo,不定期なクーポンに大変満足です。,5,0,5.0.1,2023-10-10 10:43:34,,
a0133429-bd68-4987-97d4-5d35bca33203,Ryuk2y,https://play-lh.googleusercontent.com/a-/ALV-UjX8LQkH-wictF7BvGHtBxn2MdVulvzn-LiGlOl6wHDlCos,通勤途中でお世話になってます。 アメリカンドッグはここのが一番美味しい～🎵,5,0,5.0.1,2023-10-26 19:44:10,,
3a74e503-04b8-4381-9822-bb26a772d291,Getup5h,https://play-lh.googleusercontent.com/a/ACg8ocKkU_z9RQAw8bvO57eu_LcU0v2TtJRNnCuJiddoRAyC=mo,無料(実際は100円引き)クーポンに満足したか？と聞かれたらね…,1,0,5.0.1,2023-10-10 15:33:25,,
5b8e6444-94fd-46be-95af-060b1a6cdd82,シンタレノン,https://play-lh.googleusercontent.com/a/ACg8ocK-q7pJEFfo11xg4ZQsIZo3XTxHAsLRgDRm-W0P_ToBFQo=mo,好きなビールを無料で頂けて、有難うございました。これからも宜しくお願いします。,5,0,5.0.1,2023-10-10 15:49:02,,
ac0391b1-e1bf-4c87-b71f-7ddda3b549ea,新倉翼,https://play-lh.googleusercontent.com/a/ACg8ocKpssD83BUkp4yklNjmGaDpf7rH-ICzM_Tv41oHpKvH=mo,とてもわかりやすく使いやすい,5,0,5.0.1,2023-10-20 01:34:27,,
63e170e3-9dc5-4881-a0bf-b7c1cefe9071,佐藤敬利,https://play-lh.googleusercontent.com/a/ACg8ocIEYZgjUFSgm_2cyEMRwj2xwgW7CdeQ8IlAy-LXxF6R=mo,ファミペイアプリで、チャージしようとお店に行って、チャージをお願いしたら、このアプリだとチャージできないと言われました、とうしたらいいのか、教えてください,3,0,5.0.0,2023-10-01 23:00:29,,
5c971e3f-85d5-4b55-b15f-3943de82c8a3,さすらい人素浪人（南の虎）,https://play-lh.googleusercontent.com/a/ACg8ocJaO4M64Sah8l9re9wVxH8Rh0NDUvYCQ43bOxd3lGNW=mo,そもそもいまどき050に電話要求するアプリってなんなん ‼️ ページ開いても暗証番号のところは開かないし、ほんと１０００円返せだよ❗️ 他の決済アプリではこんなことないしね 最悪の詐欺みたいなアプリ,1,0,5.0.2,2023-10-19 22:47:03,,
afff4cac-5f08-42e0-b347-6f3976252aa8,76 tanoshimo,https://play-lh.googleusercontent.com/a-/ALV-UjX1cXJlbIY7zwcYyi9IWAm9Hsc9fGH_OsdAIENN3er3Q5A,アルコール無料が時々届き、嬉しくてファミマに通ってしまいます。友達にも勧めました。,5,0,5.0.2,2023-10-24 18:03:08,,
46773c0d-5adb-4bf6-ace5-e114267c1039,瀬京,https://play-lh.googleusercontent.com/a/ACg8ocLrJy9-EnMWKvL6tp_3fHJhDkFKX0AqRQs8rEIdn-es=mo,チャージの日無くなるの？チャージの日しかチャージしないのに,1,0,5.0.2,2023-10-24 18:39:11,,
56c036ae-483d-4012-b087-2134926b609b,幻龍,https://play-lh.googleusercontent.com/a/ACg8ocLU7jPsHa_tb8v-Ni8ylptlqMnybMir6sbCzMf0-kVH=mo,クーポンもあり利便性はある,4,0,5.0.2,2023-10-31 12:48:28,,
80d64bd4-0cc5-4aa4-9e0b-caddc3781ccb,やまだだ,https://play-lh.googleusercontent.com/a-/ALV-UjWu_xful5Hc8RL2lwo7jgp41LxwrqzMcsN3DQ_w6q0M_28,よくわからないまま入れてたのでアンインストール,1,0,5.0.2,2023-10-21 22:17:02,,
cce51e30-bda9-4494-abca-fc6f712cc64c,Kenbo- Abarenbo-,https://play-lh.googleusercontent.com/a-/ALV-UjXdxsGR6mxrYQzHrGxUQyfQsvun5PbqsrgNy_m7lw6esy37,無料クーポンもよく当たる⤴ めっちゃいいです!!,5,0,5.0.2,2023-10-30 17:20:56,,
d2f78969-539a-406e-b822-52def259c166,れいおう,https://play-lh.googleusercontent.com/a-/ALV-UjVlDINi_xMrdszxLxHG9xfeB1ijZlctyDCl0FCQHAAWhkU,ファミペイに登録できないクレジットカードが多すぎる,4,0,5.0.2,2023-10-23 18:11:15,,
bae792cb-58d9-4204-89cc-53ddb909ee77,Kenji Chiba,https://play-lh.googleusercontent.com/a/ACg8ocLSUtYQZU5VFikxUC2hRPwr4lSZDI0-xhgFxQgJi5xB=mo,インストールしたがずっと立ち上がらない,1,0,5.0.2,2023-10-31 20:17:50,,
d6c897b9-eb81-452f-a15f-565934982a50,小栗悠眞,https://play-lh.googleusercontent.com/a/ACg8ocJrNuzE8aMl0a-rzOTzsGHXucBPEbu0myBzgPWPWGWf=mo,ゲームでポイント貯まるし 急にポイントが消えたりしない！,5,0,5.0.1,2023-10-14 18:29:05,,
1b70a47f-55e8-45b1-891d-8c8d1cdcfc47,ぴよぴよ,https://play-lh.googleusercontent.com/a/ACg8ocI1MZl9n-DpvnPcXc8UKjHghMX4_XrgiVEx81UwQCDe=mo,時々無料クーポンをもらえるのでとてもありがたいです。ありがとうございますm(_ _)m,5,0,5.0.2,2023-10-31 18:16:19,,
f69890a0-a0bf-4688-a053-c29b9638bf22,きょういちしのだ,https://play-lh.googleusercontent.com/a/ACg8ocLhIcTzexJK2H81dUET0RE8n-9EdjmwFY3rvHpsU9GV=mo,戻るボタンでアプリが終了できなくなったような？？,3,1,5.0.1,2023-10-08 09:13:59,,
91759669-7f46-4b3b-89c1-3f610c61b385,とて,https://play-lh.googleusercontent.com/a-/ALV-UjWPbPv-V3c-ODYXrgtcRgN7S5kFE88rtERA9zcJDhd_Mdc,お知らせでバイブを作動させるのやめてほしい,1,0,5.0.2,2023-10-31 14:40:20,,
5652b653-1197-4348-a398-cd7850a9f438,黄金聖闘士,https://play-lh.googleusercontent.com/a/ACg8ocIjkZ6QfNSeiBT9dncjjR41SQtS43iXi83WEC3vkhbc=mo,ドレッシング無料クーポンって通知きてクーポン見てみたら無料じゃなくて割引クーポンだったのですが、どういう事？何回見ても無料と書いてますが？,3,23,5.0.1,2023-10-10 10:06:55,,
f9b97026-ea1b-4209-967e-f0169ec787ec,あぶらなす,https://play-lh.googleusercontent.com/a-/ALV-UjUA_UxwDTuObWiw7vkp2OC9PfVMjSNcXgAym4LPxZCbpEA,１０万当った人居るんですか? ファミペイボーナス有効期限短過ぎ😥使う暇無い。もったいない😟,3,0,5.0.1,2023-10-29 19:39:51,,
c6a88de6-baa5-41ab-af21-41c62f135ffd,薫（yasuの飼い猫）,https://play-lh.googleusercontent.com/a-/ALV-UjVyiQYlStSi4YEHZEvU_JqkPDPUx_sl-78Ary2FaLL9YDEj,いまさっき、無料クーポンお届けってきたのに、無料じゃなくて100円引きクーポンなんだけどーどうなってんの?!,1,0,5.0.1,2023-10-10 10:01:55,,
b48b9d54-7255-435c-a735-264fe1e156a1,鈴木正昭,https://play-lh.googleusercontent.com/a/ACg8ocLgRiLZjluu0pwRcM6nBtB2lGUXIWDvk6nahPueU2Vt=mo,無料との通知ですが、クーポンは100円引きです。どちらが本当なの？,1,0,5.0.1,2023-10-10 12:51:54,,
2e5929cb-5e90-44e3-a337-54f4ab7a858f,TERA,https://play-lh.googleusercontent.com/a/ACg8ocJ91e_bI4wzKUCDFRzgU7yTJvYVQOzvOUujBPaFAk9C=mo,情報いっぱいにドリンクなど一本買って無理で一本もらえたりdポイントもたまるからラッキー😆💕,5,0,5.0.1,2023-10-14 18:35:45,,
aee438e0-2ce2-48c7-ab25-a7239a6395e2,有田紫,https://play-lh.googleusercontent.com/a/ACg8ocL_SKJh3W6G60HFD9tWbJqH5k9dSd-cGTMhEXlQiWDf=mo,とても使い辛く成りました。改善して下さい。,2,2,5.0.1,2023-10-06 16:05:52,,
e39c6e48-5ceb-4b74-ae36-a7d8326dd07e,鈴木元,https://play-lh.googleusercontent.com/a-/ALV-UjU-qlYu7cWEne3iqNyQXIiHvVPN6IGseoDXzNlVjF5Ar-E,アプリ更新して使いづらくなりました、以上。,1,1,5.0.1,2023-10-04 19:56:48,,
1538e3e9-d9e7-49bb-8e9f-347393495312,御宮山華澄,https://play-lh.googleusercontent.com/a/ACg8ocKZQKM-3Z1vYvy3fFc0ZhV4P_8zjh2ZNe2N2aVrUNy3=mo,アプリが見づらく&使いづらくなった。 このアプリに限らないが、なぜ無意味なレイアウト変更をしたがるのか。,2,4,,2023-10-14 19:43:34,,
9e44d660-bf24-41c1-bacc-3adf3e24a6f6,中島順子（緑茶）,https://play-lh.googleusercontent.com/a/ACg8ocIpMY489k5_IiFl-E2rWKNiy0axb4hADei0Eixdst51=mo,無料クーポン配信かなりあって助かります,3,0,5.0.1,2023-10-08 07:00:19,,
74a53c20-b922-4661-8298-413addb4803f,下川典次,https://play-lh.googleusercontent.com/a/ACg8ocLQyVNx7rGOJa87cEtv007X6DnKQ1NS_3wbUwR5lEgr=mo,無料のファミマルドレッシングのクーポン配信のメッセージがきたのに実際きたのは100円引きクーポンでした。残念です。,1,1,5.0.1,2023-10-10 13:28:35,,
c6836d9d-d7df-472d-b466-830cbbd53776,まなみ,https://play-lh.googleusercontent.com/a/ACg8ocLNqoog716YU5OgQlIgpPDJmqo_I_OE-NbQz_FXA2Bg=mo,"注文が入っています。作ります,🎂１つは、買います。😅",4,0,5.0.1,2023-10-23 13:29:20,,
8436b8d2-25d5-4513-aed9-c09db309d5b1,笠川芳子,https://play-lh.googleusercontent.com/a/ACg8ocK7mSRu-n_As_pzsGRrgjCCLMXq3U83OXD0shubhE9m=mo,イロイロ楽しんでます 又色んなゲームお願い致します,4,0,5.0.2,2023-10-24 19:29:10,,
0aeff511-5fc8-413f-b4ac-a54b15a4eb19,ベビもも僕青,https://play-lh.googleusercontent.com/a-/ALV-UjUYO6wLV75B-Jd99OCnBpGK9dD1CoBxMQwHFE1GOJlwFKzM,ホーム画面のファミペイ翌月払いの表示を分かりやすくして欲しい。,3,0,5.0.2,2023-10-31 09:21:29,,
72689850-6099-496d-9ec3-f1925c63c3a0,大山良雄,https://play-lh.googleusercontent.com/a/ACg8ocLBKiMS1VO7iv4PE5on_EXhr3IGk-AWe3dyYdm6dDWL=mo,プレゼントをよくくれます❢❢ファミペイアプリ!!最高🌈🌈🌈,5,2,5.0.1,2023-10-10 13:41:04,,
e7e464d3-75a9-4723-a837-bdf73e26d610,石川ひとみ,https://play-lh.googleusercontent.com/a/ACg8ocKNOP3-wa5ZEh15BMDpKdOJV0sIZmkDFVRQOqUxMdiX=mo,寒くなって来たので、おでん意欲買います美味しいです!！,3,0,5.0.1,2023-10-25 18:42:44,,
b763b85d-e9de-4920-acf9-f55f14ad9f2c,miwako yoneta,https://play-lh.googleusercontent.com/a-/ALV-UjWfxe6OUJ4JwixdrgNrjNXO1mfNMSpPnr8kubg95hiyfoo,アンケートに答えたらしつこくメールが来た,1,0,5.0.2,2023-10-27 14:14:25,,
587a7c97-0147-47ce-a526-f6121a8ed34a,hiro 225,https://play-lh.googleusercontent.com/a/ACg8ocJwCPmPIoPwl7Xej4DOgXgABI19Y4B8L_f4_R9_M7RV=mo,使いづらいとの意見が大半。 元に戻せ。 セブンまねて、ファミリーマートWi-Fi やめるなら、ファミマアプリ、ファミペイも辞めます。繋がらなくなるから意味がない。買い物も当然減る,1,9,4.12.1,2023-10-11 14:06:30,,
e97d3649-23af-4bd4-a114-493214354ec6,水谷賢司,https://play-lh.googleusercontent.com/a/ACg8ocJZCkB2qJHV-KGYUA3Cg_lY9vHAwmjXv4_P-FoIjOk6=mo,今朝も、目覚めの🍺新製品旨いですね🍺今夜もファミマで買い求めます🍺◎の金曜日🍺,4,0,4.12.1,2023-10-13 16:07:19,,
46554c62-1155-451e-b86e-d8a454164c10,ooma,https://play-lh.googleusercontent.com/a/ACg8ocKGCzuCz_ThryrY9-AJotuklphN0S0V7mEHZdOlqSB5=mo,複数の端末で使えない,1,0,5.0.2,2023-10-31 03:13:38,,
f77017b5-d748-48ad-806f-242e750de806,吉川家,https://play-lh.googleusercontent.com/a/ACg8ocImioRTxHG5IbIi679zOI5zykbWjjEekzR5M9QXOTNI=mo,もう１本無料サービス ラッキーでした。,4,0,5.0.2,2023-10-31 22:17:26,,
ca5f897f-4187-4856-93d9-3c427354093a,Katsunari Kimura,https://play-lh.googleusercontent.com/a-/ALV-UjXuv731VJFpXEuA9MGQQmXkLUzSCEehsJTWpV5RMPbfnLE,毎朝使ってます,5,0,5.0.2,2023-10-22 10:38:39,,
3f2f468c-77ea-4cc3-b919-6216059e120b,〔ユカリ〕紫,https://play-lh.googleusercontent.com/a-/ALV-UjX9NlXK7OoFlkSjhr5R4v7gsubneYRJp0MfP1gOryJb9AQ,dポイント貯めれるのにdカード使えない,1,0,5.0.2,2023-10-31 07:32:14,,
e0782545-036a-4d9f-8f4c-7b43df7722e0,steppyfabulous33,https://play-lh.googleusercontent.com/a-/ALV-UjUiEbS89bx0lvdwFVE1oaYUjcg12NlKmD4yVnEFsCD9pkQ,毎回このアプリ使ってます🙌,5,0,5.0.2,2023-10-29 17:03:35,,
b7809782-1067-4890-97f0-599816937d85,STAR SHIP !,https://play-lh.googleusercontent.com/a-/ALV-UjUMr8huzOH9mZDtC9tFjTFYC2bEipHQg9YNDMao7P012wHd,ほぼ、使ってません,2,0,5.0.2,2023-10-29 04:39:28,,
884f6327-e42c-4757-9591-1359f43f29d6,加藤富夫,https://play-lh.googleusercontent.com/a/ACg8ocJIzrJ2lomtKoeyApAtFbMZE89L57okbiFKjeQfhXSs=mo,毎日楽しんでます,3,0,5.0.1,2023-10-11 12:56:24,,
71806020-7b8e-44a3-b493-fdb44d1f769d,日置正義,https://play-lh.googleusercontent.com/a-/ALV-UjUEbKLF6_X7sMeaGRrjITvR9i_DrEUA_6uZvzbzHz67brY,ファミマのアプリは、いろんな特典がありますので、何時に行ってもお得感が 味わえ,5,0,4.12.1,2023-10-13 11:25:16,,
4ab7fa28-69b7-4dfd-9744-80e0e45bbf6a,福永裕一,https://play-lh.googleusercontent.com/a/ACg8ocIg1gEDcipsJDGdb8otUCHVr04ymLOVPMTQIVA4xA8X=mo,とてもお得ですねー,4,0,5.0.1,2023-10-29 10:22:32,,
2a144e77-c632-41e0-a066-43a29d462012,廣田友行,https://play-lh.googleusercontent.com/a/ACg8ocJhTNruAyqAUAXalVTYwwfHzNybsc0RFMr3JQpsGK01=mo,当たっても1円ばっかりですね。,4,2,5.0.1,2023-10-07 06:06:28,,
03502d0e-0960-471d-8a45-dbd8c252488b,西祐一,https://play-lh.googleusercontent.com/a/ACg8ocIaIQB0lQpZWxIJRdGpzltmlcDh-DR9kUKAFdEYW0RH=mo,起動しません どうしたらよいですか？？,1,0,5.0.1,2023-10-07 17:36:13,,
57c1c8c1-957b-4b47-b1a0-ec0df089d6c2,匿,https://play-lh.googleusercontent.com/a/ACg8ocJFImroCs17TZyFPMmsyWmm45ddgWiA8lg-Ub8v5C8I=mo,お得がたくさんあります。,5,0,5.0.1,2023-10-10 10:15:40,,
fc699dbc-7f43-428c-8397-b9e1b29db536,河井和美,https://play-lh.googleusercontent.com/a/ACg8ocIt7JZoZgXaGPefqyKebDEXYyrHes0BMewroWJA94Qo=mo,ドレッシング無料と通知が来たのにクーポンは100円引きっておかしいですよね？,1,0,5.0.1,2023-10-10 10:56:26,,
0b635fe5-19f3-43e8-a57e-63a61bf02595,NOBUYUKI TANAKA,https://play-lh.googleusercontent.com/a/ACg8ocKKea_iB9GxwFzoHXKgXHqz03aA5pDprT0xtxXcXo6X=mo,あんただれ のぶちやん がんばらなあかん なんばしよっと,5,0,5.0.1,2023-10-05 08:31:59,,
2e274b83-de4a-43b6-b9da-7a78f36ce02b,Tomohiko Kato,https://play-lh.googleusercontent.com/a-/ALV-UjWYdafYdg08kTvGlLiePKVONg9OyZ9ZfTQMu2sQgSxMoH0,ポイントが期限切れ　やめてほしい,1,0,5.0.1,2023-10-05 17:47:25,,
be218222-de65-47a5-9d96-91e47f78fff4,赤井美貴,https://play-lh.googleusercontent.com/a-/ALV-UjU1mA9oE3Ms40o11IzCgRKB030MHtnE6XhxM_JsRiB7bw,便利に使ってます♪,5,0,5.0.0,2023-10-04 17:23:06,,
4487cdf3-a19d-4fd0-859c-8d93761bc1ff,鍛冶屋見習い,https://play-lh.googleusercontent.com/a/ACg8ocLwoSkUo-ICVtqi0pewWULEHlHQ2HXVbk0EjcOuLDWH=mo,入金自由度が低い。,3,0,5.0.1,2023-10-08 13:39:57,,
e92bc33c-d8f5-42a2-ab36-36b5bcff5188,神魂（キンキン）,https://play-lh.googleusercontent.com/a/ACg8ocIaC8ehIwqJSM0_9BabLJh1AmDTdbsJcAl04ChbTe13=mo,キャンペーン、クーポン利用でお得,5,0,5.0.1,2023-10-12 16:20:22,,
3b25c89f-bcc3-4fcc-87cd-177da03c4d0c,石井すみい,https://play-lh.googleusercontent.com/a/ACg8ocK_E9Fhvb-2f_3zkXLdvMNA_oeYvjQ7qO1ViLogmpOt=mo,とってもよかったです,5,0,5.0.1,2023-10-17 12:57:49,,
3fcfcd5b-dc11-436a-bc4a-a6751edf54bd,今冨義春,https://play-lh.googleusercontent.com/a/ACg8ocJpReBw40MajJjrkH1fTw1TdNcd92RdF1Y13ohXOEbp=mo,とても良いです。,5,0,5.0.2,2023-10-26 12:25:19,,
3bb0667c-5f34-4cef-8c17-b05f3fac4426,Haruki Amanai,https://play-lh.googleusercontent.com/a-/ALV-UjX90EXIl5B2cCpI1A-78khcRLmT0Qm3LkehZ84PyphPjMk,戻るジェスチャーをしても戻らないという致命傷,1,3,5.0.0,2023-10-03 21:07:11,,
34bf2c6d-8f1f-4e45-b2ff-7a463d5a8ec4,風間影虎,https://play-lh.googleusercontent.com/a/ACg8ocIp6dZ6tYroiG1RdqJTJ_TPQWdxb_M6WTGJ-XA-o1i2xo0=mo,なんとかpayが多すぎて何が便利なのか分からない。 入れてみたもののpayは使ってない,1,0,,2023-10-12 04:54:43,,
e2ef8498-ae5e-4e17-94b9-fa2f909a3942,北条秋斗,https://play-lh.googleusercontent.com/a-/ALV-UjWenGL-z5IHNb3ntoqj9MymBjnASkltJug77V0XVgQ6r2U,ローソンに負け セブンイレブンもそうだが割引だけするのに誰も足を運ばないよ ローソンは毎日ポイントを貯めれて引換券と交換できる まずはローソンを見習うべきだな 買って初めて割引く？ せこい事よ 与うるの取るたるを知るは政の宝なり,1,1,5.0.0,2023-10-04 13:43:03,,
7225d1ec-0443-4bd5-a4a9-40741e066ded,angel love,https://play-lh.googleusercontent.com/a/ACg8ocJ_W3KZKgpH4enLLHPQhS5YsnAp7J_WX0-XUORxC5QK=mo,ゲームケチだなぁwww,3,0,5.0.2,2023-10-25 01:38:29,,
c008d52e-ce50-4317-8c6e-760949a03a5e,早乙女太一,https://play-lh.googleusercontent.com/a/ACg8ocLZKaiGs0wo1A6bA3CNOusjewoBHq9Sx45p67TyDA5I=mo,強制更新2023/10/05。ムビチケ購入のため2023/06/02更新,3,0,4.12.0,2023-10-05 22:09:25,,
773dd949-d61f-4049-bc5a-2078b2f35b84,岡本淳子,https://play-lh.googleusercontent.com/a-/ALV-UjWlpmN8IEk13r2kjoRxOSAtlhxKQF-YPWZsvfFzb_qyI_I,私は南淡北阿万店のオープニングスタッフでした。あの頃は、病気を隠してパートに真浦さん家族が経営するファミマで働きました。御迷惑ばかりおかけして、申し訳ありませんでした。 イズビニーチェパジャールスタ 岡本 淳子(オカモトアツコ),4,0,4.12.1,2023-10-19 22:31:03,,
647400bf-58b7-43d1-82c8-fa245ded38a0,メタルカラー,https://play-lh.googleusercontent.com/a-/ALV-UjUazeMtaBeMn6XrUt1fuVBg8nQZdMh_mBlewaMPJp3u3L0,楽天カードが何回しても登録できない。,1,0,,2023-10-23 04:43:44,,
220e37af-0c61-4989-8b2f-d2a61a3840c5,太田裕紀,https://play-lh.googleusercontent.com/a-/ALV-UjWQPXuw5utId11HgqpxzQiJGX67yN4Hcmdf0KzOzKivmw,　　りにててひちつまやねらろか 　ー）にまゆう,2,0,4.12.0,2023-10-02 00:19:34,,
374efa63-c461-45fa-aa15-ef2eee429fa0,r t,https://play-lh.googleusercontent.com/a/ACg8ocL8BkWsTou_OGVaYSHmYwGTRq0_OrRC6J7SlCPxNAp4=mo,パスワード変更を何度行ってもパスワード変更画面に移動させられる,1,1,,2023-10-05 12:46:39,,
2b638a34-f0a4-40a4-bcb1-4feba41c1c8b,糸井敏恵,https://play-lh.googleusercontent.com/a/ACg8ocLWPDuK8s_nxg0r5YTFa6zXHp2PSV5Vk5mC6rx1fPf8=mo,クーポンの期限が近い,2,0,5.0.1,2023-10-14 18:12:57,,
80ba8010-1ba1-4866-815d-6736e8bac414,内海聡之,https://play-lh.googleusercontent.com/a/ACg8ocKtKi72kvdFIfFtL0uB6PUa1JWSmHMJj-05WI9CBXFa=mo,無料クーポンが何故か100円引き 何で？,1,1,5.0.1,2023-10-10 10:58:16,,
1b757067-e693-412b-b3df-4c5f41c2d311,メイビ,https://play-lh.googleusercontent.com/a/ACg8ocK-VLZQzi5RQEDZEWvt2fsqLHqhJRPQG9wKxlsLg3ug=mo,アプリをとってもログインできない、最悪。,1,0,,2023-10-07 06:29:43,,
a115c673-8270-469b-9674-20c8f59891b2,滝沢涼,https://play-lh.googleusercontent.com/a-/ALV-UjWGbkkB75-XdJ428RF9n3Qmv4yamcsoVFe1OPfpVpY-FoKi,タブレット端末で使っていますがアップデートしてアプリ側でバーコードが大きくなってからレジで読んでもらえず使い物にならず困っていた。 バーコードが読めなくてもお店ではバーコードの下の数字を入力するような対応はなく、「困りましたね」の雰囲気でバーコードを何度もスキャンするだけでした。（ローソンならポンタカードのバーコードが読めないときは数字を入力して対応してくれた。ファミマにも同じ様な機能があるだろうと想像するのだがどうなのだろう？周知されていないだけ？） サポートに問い合わせても、バーコードを小さくする機能は説明してもらえず、「スマホしか対応していない。今まで使えていても、サポート外だからいつ使えなくなるかわからない。だからスマホで使って。」と忠告されるだけだった。 そもそもAndroidのスマホでも全ての機種で動作は保証していないので動けばラッキー、動かなければアンラッキーの状態です。（動作確認済みの機種一覧の掲載は見つけられなかった） 他にコメントされていた方も同じ問題で困っているようなので書いておきます。 「バーコードでかすぎる問題の解決方法は、２画面表示にする」です。,1,4,5.0.2,2023-11-26 18:45:29,,
51242e2c-3030-406a-ba0d-8a23bf9da632,ラムダレイ,https://play-lh.googleusercontent.com/a-/ALV-UjUQioV-9DbJ6RW4q6wdbnz_GnDIiqndguBQCvJh2z2yoA,色々キャンペーンをするが後払いやローンを勧めてくるので経営苦しいのかな？？と逆に心配。 銀行チャージは3000円からしか出来ないし不便。 Google Playをアプリ内で買うのも仮想クレジットを作らねばならず、嫌厭される機能。500円からGoogle Playを買えるのが強みだったがバリアブルで1000円〜が出た点、ペイペイ購入が可能になったためアドバンテージはなくなった。頻繁にクーポン配ってくれるが元が定価なため、スーパーなどには負ける 無料クーポンだけは感謝,3,8,5.0.2,2023-11-14 09:54:51,,
2ba4bca2-7a06-43bf-ab79-47de92cf3fe0,谷口朝子,https://play-lh.googleusercontent.com/a-/ALV-UjURITcBGm48FFpnBDjM2HdQ9-zOmtVe5CdA6N8p6kyhRTM,更新してくださいと表示されたので更新したら、バーコードが大きくなってしまいレジでスキャンできなくなってしまいました。 クーポン利用、チャージして請求書支払いしたいのにできません。 更新前はとても便利に使えていたのに、どうすればいいですか？ とても、困っています。 問い合わせしたらタブレットには対応してないと返答されましたが、更新前は普通に使えていたのにおかしくないですか？,1,1,5.0.2,2023-11-22 22:17:19,,
79ec6b57-29ca-418f-821c-c7d0d0a90866,Emo Emo,https://play-lh.googleusercontent.com/a/ACg8ocJFzEcWwPzpYjrbezefvrUllk2Y92PaUmVDluTn4yLQ=mo,キャンペーンの割引がレシートだったりアプリだったりで管理が不便。 アプリ内にあるクーポンは選択しないと使えないのも不便。自動反映くらいしてくれないものか。 キャンペーンも1ポイントも当たらないことのほうが多くて操作が多い割にはリターンが少ない印象,1,5,5.0.2,2023-11-20 12:11:08,,
420ff843-d6db-419b-900d-2824e9b20dfe,Maya Ishi,https://play-lh.googleusercontent.com/a-/ALV-UjWKdoMqDieaugjfqDxVtSMbQS5C9AOXyzHu_CNd4rjzkg,ファミペイの利用がワンタップで認証画面だったのに、ページを移動してスイッチを切り替えないと利用出来ないので以前より使いづらくなった。上位に現在使用不可のクーポンの予告が表示されるので 下へ何回もスクロールしないと 現在使えるクーポンにたどり着かない残念な仕様。フィルタも無い〜,1,119,5.0.2,2023-11-02 07:07:30,,
3eac0d7d-3415-47ce-b653-519f8c3d9ce4,Kakeru Renga,https://play-lh.googleusercontent.com/a/ACg8ocLWp-XIlJo3hoj7J-ttBVjW2nEIC1O1qxE2QORGJcOY=mo,ポイントカードとして利用してます。主な機能だけなら★5ですが、通知がとてもうるさい＆邪魔で★が4つ減ります。ポップアップ通知をOFFに出来ればいいだけなのですがその機能は無く、通知そのものは「コラボ企画の当選はプッシュ通知」というルールがあるので、消せません。この邪悪なコンボを考えた人間、恨まれても仕方ないです,1,4,5.0.2,2023-11-16 13:35:49,,
0e65cd86-c5a9-49e1-888c-c29d1a4069d0,アイムペカリン,https://play-lh.googleusercontent.com/a-/ALV-UjW73Gjv6Ftfv8OT0iHsSsT-KwInLA17x8o7J1kSzNz53Q,使いやすいのと、クーポンでも無料のクーポンが時々贈られて来るので一番有難いアプリです。商品検索出来なくても、店舗検索から直接電話で在庫確認します。スタッフの対応も良いので助かります。,5,0,5.0.2,2023-11-14 15:23:43,,
3f7c23b4-e1e8-47ac-b5fd-45e9b060ca41,猪突猛進ちくわぶ,https://play-lh.googleusercontent.com/a-/ALV-UjUy3qD73B_dNk6yvIIpKqhRAqbDXNO8yZjc1BHvQ6dCCA,更新-アプリが使いづらくなりました。残念です。 あちこち押さなければならない、使い方を教えてあげてやっと覚えた高齢両親が再度苦戦するハメに、、、 チャージしておけば、公共料金を家で支払えるし物凄く便利です。ただ絶対に登録した暗証番号は覚えておきましょう。,2,1,5.0.2,2023-11-01 07:54:25,,
983afb20-e467-47c4-8128-800d9938451d,大関勇矢,https://play-lh.googleusercontent.com/a/ACg8ocKJiQ2chQjfMcMzGA2-LZBU-3bPpQrOEi51nwvA-tt7=mo,エラーがでて問い合わせの電話をしても全くつながらない。 オペレーターの方々が大変なのは分かるが FamiPayでの支払いも出来ない上に通話料まで取られて損した気分。,2,1,5.0.2,2023-11-06 20:59:32,,
68056392-7c64-4740-a9fc-c9c50401d39f,川添マサ子（ま〜ぁ）,https://play-lh.googleusercontent.com/a/ACg8ocK6EqLaVtIycu6soRCgEig3ELDJ1DptyLSUVZlN2GPe=mo,毎日食べても飽きないコロッケの味と食感と脂です！ メンチはゲップの匂いが苦手で食べられませんでしたが、ファミマのメンチは全く気になりませんでしたしどんなお店屋さんで出してるメンチよりも美味しいですよ！胃もたれしらずで価値有りだと思います😊,4,0,5.0.2,2023-11-24 11:50:15,,
ebffa2e6-3144-47c7-92ac-ccfa093ea3d7,tori,https://play-lh.googleusercontent.com/a-/ALV-UjXqy0M1-yT-4urv95eAfiYXZnuOQ1JdOuResph6knFaCme2,クーポンやキャンペーンが地域によって使える使えないか自分で確認しないといけないので面倒。設定で地域設定してそれで出す情報切り分けできるようにしてほしい。,1,1,5.0.2,2023-11-28 21:13:40,,
ee66d8d9-2e09-47dc-a9a7-3afa6153be0c,Kazuyoshi Hori,https://play-lh.googleusercontent.com/a/ACg8ocKklaskexmxD_GXp5538A7x0hkQFte7GGPYjbecblmM=mo,ポイントの紐付けがどれも登録済みになっていて解除の仕方もわからない。 良いクーポンがあれば使っても良い程度。 ファミペイを使うメリットがわからない。,2,2,5.0.2,2023-11-27 21:16:39,,
47a7ea36-305e-45af-8355-817c1a4a0f70,58-KI6qkIsn LM1odv,https://play-lh.googleusercontent.com/a-/ALV-UjX__V0Y_Iqacr3KvK2PYfXrIcIjOKxXnBqRYHviXTJVlUg,銀行口座を登録するのに自動音声通話使うとか、ファミペイの仕様？それとも銀行側(じぶん銀行)？ パスワード言うまで何でか数秒時間かけるし、それまで発生している通話料が無駄になる。 何でSMSではないの？有り得ない。,3,1,5.0.2,2023-11-10 08:04:43,,
562a1495-a87f-411e-b7fe-bb6c06be5ce6,しゅん,https://play-lh.googleusercontent.com/a-/ALV-UjUX4a8tOPi85fEdmAIGTB31nmcqefqa48AhhPzyh9Li_Hzh,以前は無料クーポンが2週間に1度ほど配布されていたのに、最近は全く配布されなくなりました。 あと、オートチャージサービスもなくなり不便になりましたね オートチャージのためにファミマカードを作ったのに、出来ないならいつも使いのカードに切り替えて、ファミマカードは解約しようと思います。 家の側にファミマがあるので、いまは使ってますが、引っ越したらファミペイトとともにファミマも使わなくなりそう。,2,2,5.0.2,2023-11-30 21:13:55,,
ae698b4a-f95b-43ab-8f33-d226df110c44,たまごかけご飯,https://play-lh.googleusercontent.com/a-/ALV-UjWJ9hnORT7l7G4Rm-vYq9WGfy7zTbzjZRbUft4UyEwSbpA,職場の近くのファミマをよく利用しています。スタッフさんが、今日これを買うと次回無料のクーポンがもらえますよと教えてくれます。 無料クーポン出るやつはあるかな?と、店内を歩くのが楽しいです。,5,0,5.0.2,2023-11-11 13:53:52,,
7cdd2c0a-c7de-4908-87dc-15d9f43b3cf4,s,https://play-lh.googleusercontent.com/a/ACg8ocLCu-dGUNAy0yYolyyp0aomoEmLZMMImdhfMTpLfDJu180=mo,あまりにひどい 暗証番号ロック解除番号に連絡すると長ったらしい最後まで聞かなきゃいけないナビダイヤルに繋がってさんざん個人情報入力させられた挙げ句、また同じ番号にナビされるっていう無限ループ。 本当に金返してください。詐欺です。,1,1,5.0.2,2023-11-21 20:10:49,,
d3e176bc-f2b9-41e5-8638-1cfec625c039,上野良二,https://play-lh.googleusercontent.com/a-/ALV-UjXCiqzeOwnGvcOkFFPbuwKvwsSvN8GCy5eGYJNiYCe4q_w,クーポンも便利ですが、お店のサービスが(一つ買うともう一つもらえる等)スゴイ便利でいつも利用させていただいています！,5,0,5.0.2,2023-11-25 05:01:53,,
642dff02-72ef-46b6-8bd3-ef7ccca1f0a7,にっしー,https://play-lh.googleusercontent.com/a/ACg8ocI2bXD70-6jSAaXwZb9RpL0AXUv_Osu0DybAhDbR-V9=mo,２回に１回当たるゲームで３２回やって８回しか当たらなかった。 当選確率２５％ ありえない数字なので誇大広告と判断せざるを得ない,1,0,5.0.2,2023-11-30 18:05:12,,
43c07799-3ca5-4dc2-ab8d-ba9e246cc645,toyo,https://play-lh.googleusercontent.com/a/ACg8ocJUCfPuc8EJxJWh48KqAfb2FWRoCiHaRSjvgtA04I63=mo,他の人も書かれてますが総じて使いにくくなってますね ゲームも毎回最初の画面に戻って連続でできなくなってますね,1,1,5.0.2,2023-11-29 10:32:11,,
c3a5cfc2-4cbd-4feb-8e31-71f9ad30e4d2,凹,https://play-lh.googleusercontent.com/a-/ALV-UjXIg_NGR9byrPu5m9f8MI_HWi9WJSP3eUWCaqflFs6addA,タブレットで使えるようにしてくださいー。 7インチ８インチだとバーコードデカすぎて読み取れないです。,3,1,5.0.2,2023-11-23 16:39:27,,
8ca50c6f-0f84-4014-aae7-cc171c7dbe8a,宮川繁樹,https://play-lh.googleusercontent.com/a/ACg8ocJYme0A2RPNqZZtkEzWAafYuShGUCwqAN97e-fhgZLM=mo,他のコンビニではないクーポンなので，このアプリを入れてよかったなと思いました。これからもずっと使い続けていくつもりです。,5,0,5.0.2,2023-11-24 10:16:50,,
5b4c2a39-f7b2-49c7-b50c-911a0f7d4908,Okuno Kazuki,https://play-lh.googleusercontent.com/a-/ALV-UjVUZrGXgOYlFVvYl5XWRgZfbf9AS969zoGlrY3ozX3Ilw,家の近所で毎日使ってます。 ゲームでポイントなど貯まったりファミペイに入金しておくと自然と貯まります。 便利ですよ,5,0,5.0.2,2023-11-23 17:32:20,,
d0b1a446-2def-4ad1-b004-33145643bfb8,浜田神龍,https://play-lh.googleusercontent.com/a/ACg8ocJZEz6_BSBZlZdKNy3jYclfgZn1KGcde7t6LjqkHAg6=mo,ファミマアプリは子供が小学生の時から使ってます。お財布を忘れた時は凄く便利ですがスマホ忘れたら使えないのでスマホを持って歩いてます。ポイントも貰えて凄く便利なアプリです。私の家の近くのコンビニはファミマです。,5,0,5.0.2,2023-11-12 09:48:07,,
2a5edfd6-b004-4742-8f0c-3d9e298bd1f7,荒川みゆき,https://play-lh.googleusercontent.com/a/ACg8ocJaF-SEZVxPpo9dVJvywh4lUEvcJgL1wiPoR9s4Svhw=mo,コンビニはもう生活の１部。 せっかく利用するならお得な情報やクーポンが付いてくるアプリを使わなきゃ勿体ない! ファミペイアプリは特に使いやすいからオススメです☆,5,0,5.0.2,2023-11-07 13:14:32,,
03b4f082-e54e-478e-ab16-d788857f5789,げんちゃん,https://play-lh.googleusercontent.com/a-/ALV-UjUOotbZq_YIx6TvdnupASNOVBQJlAC4iOIs2uk6uqE6lwI,レシートクーポンありがたいが、 アプリ内のクーポンにも 同一のものを追加して欲しい。 (例えば、今ならホットドリンク50円引き),3,0,5.0.2,2023-11-16 06:55:43,,
cb1c7ff0-ab84-4edf-825a-1192f56d71c1,ド素人農業ちゃんねる,https://play-lh.googleusercontent.com/a-/ALV-UjX2AeLk-NDIJ_gHD28ZIaH0b9ABFLsy5WPiK_O6JWi1pQ,更新頻度が高すぎる。しかも更新されてないとお店で使えないとゆう謎仕様。,1,1,5.0.2,2023-11-03 01:25:40,,
7e6a9a15-9052-40f5-8e26-27f7c802af57,伊藤哲朗,https://play-lh.googleusercontent.com/a/ACg8ocJWQE0X3kHwe437cX90vsPju8tHwyRbPzf0fXmRq831=mo,最近ファミペイを使いはじめて、とても便利で有難いです。皆様のご利用をお勧め致します。,5,0,5.0.2,2023-11-01 05:56:18,,
1ed42441-cf53-43e1-9d5f-1172ba1468f5,むち,https://play-lh.googleusercontent.com/a/ACg8ocLduz1-1MuPSncu39WYRAdu4dqYIy0qVGYNUF2l-FDw=mo,クーポンをセットしてもチャージするとリセットされてしまうようで、再度セットしないといけない。,2,0,5.0.2,2023-11-03 15:22:56,,
42afe54c-8847-49f3-92bd-61a98063ede5,くじらのすーさん,https://play-lh.googleusercontent.com/a-/ALV-UjXDEa7mDxy_6bXnN3SofBRpMGzzef461KBVlKmlr6hxJzE4,楽天ベイと連動できるのが嬉しい。1度しか使えないクーポンが何度も配布されるのは、紛らわしいので －★1,4,0,5.0.2,2023-11-19 13:57:21,,
82b04c26-7377-4bde-93fa-4464f8794657,澤田貴志,https://play-lh.googleusercontent.com/a/ACg8ocIOi20cbnQrYR7TGZUAP4BQPd8kkXgwccoNGAiZzgYx=mo,今日、銀行口座からチャージしようとしたら登録してあった銀行口座が消えてました。11月10日にはできていたのに。何かしらアナウンスしろよな。,1,1,5.0.2,2023-11-22 08:34:45,,
a2135b14-674b-4128-af61-334f139a55e2,稲葉の白兎,https://play-lh.googleusercontent.com/a-/ALV-UjVrq-aI7KeMprPEWP3DdUuDLcnFhhLPAv0rAD0VbqL1Nw,メルカリの支払いに使っていたのですが残高は足りているのにシステムエラーやセッションの有効期限がなどとでてログインが出来ません。,3,0,5.0.2,2023-11-06 20:42:03,,
756273b1-4b8c-43c4-98d8-4b209d231acd,前田勇太,https://play-lh.googleusercontent.com/a/ACg8ocKIgHDgn2EsGQQQeAypMXbIRO2NUi2aCwFRZJAsdVCj=mo,Google Pixelに機種変してから起動ができなくなりました。,1,1,5.0.2,2023-11-24 16:13:59,,
8a51a344-67a9-4913-9235-bcca322fd13e,月月。（ーー。）,https://play-lh.googleusercontent.com/a/ACg8ocLLY7eHZgCcuvycS2sGqqYiZOuj2Lj7NolhQ1oKaPT5Mw=mo,番号変えたらTポイント登録出来ない番号変更使って無いと判断したら登録又できるようにして欲しい(ヘルプのは全部しました),1,0,5.0.2,2023-11-01 02:26:08,,
786240ea-6b83-4f9a-b2a4-800047bbfbd9,Varuvureivu壱号,https://play-lh.googleusercontent.com/a/ACg8ocKc1PP0dUb2VHJbXQ1s4LollDJiVnj5ByFRlIGh1LKI=mo,最初は良かったがだんだんメリットがショボくなってきた、興味あるキャンペーンも最近少ない。,1,1,5.0.2,2023-11-04 16:19:43,,
ba558365-13bb-4d92-80b1-c2e2128bf7bf,佐藤鋼牙,https://play-lh.googleusercontent.com/a-/ALV-UjWjT9X06BieV4W7ajS7EOIQIbcrOZQUJiQI6qqHVIIk9A,いつもパチンコ帰りに寄らせて頂いてます 夜食作らなくてもすぐ食べれるのが素敵です,3,0,5.0.2,2023-11-30 20:59:31,,
1c4dd08d-65c4-4ab8-8d91-3581a77063af,せんだゆうじ,https://play-lh.googleusercontent.com/a-/ALV-UjWJMjyNwXbUEiA5h6sjtL8pyxbd5bqhdYeAYKbf44BQLw,キャッシュレスでポイントアップ、クーポンもあって、コレは使わん手は無いでしょう!,5,0,5.0.2,2023-11-15 05:38:30,,
1847b270-4173-41e1-8cec-7d3f9a977a74,ブラックコッカー,https://play-lh.googleusercontent.com/a-/ALV-UjUL5kfbNHx2wV53R0Ee6HZdx0cY7qPQFxmV3t4JHutRaZjW,もっと当たり金額が、高ければ頻繁に行くのになぁ‼️1円じゃショボすぎ,3,0,5.0.2,2023-11-20 03:46:45,,
711fcfc7-17d0-4d4d-8ba5-fd05f30476cc,キナユウ,https://play-lh.googleusercontent.com/a/ACg8ocIxNSBzY8y-fRc-MFnJ4_27kxqCiR2VHIyzp4hsBGJ6=mo,店頭支払いなら、単純に使いやすい。,4,0,5.0.2,2023-11-28 11:12:55,,
f82dd31b-0cb8-4ab2-8aa0-9cca43e543f5,綾野晃司,https://play-lh.googleusercontent.com/a/ACg8ocIzk25gBeFj30EGqtGgK_LEaElO5Goy4f6X_kg6vkeC=mo,必須入力項目として、電話番号はともかくとして、秘密であるパスワードも必須なのは？,1,0,5.0.2,2023-11-15 20:23:52,,
c7f25d72-ce9f-409a-8be0-7a5d20f59cdb,山下幸代,https://play-lh.googleusercontent.com/a/ACg8ocKzGeX4ojDFciZ6MyQT3sZik6UwqWUuQkbL4ipqnz56=mo,色々と、便利 使いやすい ポイント、ゲームも、楽しい,4,0,5.0.2,2023-11-07 12:46:12,,
f03096f5-f0d5-4cf9-b097-50e6a46f8ff8,yui tanaka,https://play-lh.googleusercontent.com/a/ACg8ocKycMWXLXIUkvS0MZEuwpwY6huw6KB-0wffA9HAQppL=mo,アップデートしてから電話番号変更コードが取れなくなり機種変更後の端末で使用できない,1,1,5.0.2,2023-11-01 23:16:00,,
3ced4f0b-1113-4d8d-b1d7-6e4812d78713,大畠泰子,https://play-lh.googleusercontent.com/a/ACg8ocLMAPJwhMgX_lQj7cVeDiFquPaDlKxDykqDwpJwvcBR=mo,いちばん使っているアプリかな。お得がたくさんあるのが嬉しいです,5,0,5.0.2,2023-11-19 07:54:03,,
9231664f-64e2-412c-9daf-16ca48b5f3ec,高倉祥子,https://play-lh.googleusercontent.com/a/ACg8ocKXNZXCsezJNvGSMQzfBQaQS7Nk3K8Gj0uKHUyODrQt=mo,チャージしておくと便利でお得です！,5,0,5.0.2,2023-11-14 18:14:08,,
46ba129d-0d0d-488c-a6cf-03ac8f33128d,Kji Tak,https://play-lh.googleusercontent.com/a/ACg8ocI0gtuFF4T4-TY-pDQoGBOOl6lXQ4TXQwdncmoas1SE=mo,起動が遅い 公式アプリがレジで時間かけてどうするねん,1,1,5.0.2,2023-11-10 12:22:56,,
bb13ad14-3298-4d26-b31a-38e77ae5c599,ぽん,https://play-lh.googleusercontent.com/a/ACg8ocKvBvlFMoWvHFHFnwT3MNkibVUXU4GrEZAmslsWxoXr=mo,ホームコンビニがファミマなのでいつも利用させていただいてます☺️ ビールやお菓子など無料クーポンがけっこう貰えます😁,5,0,5.0.2,2023-11-17 21:57:33,,
74f8a5de-1af8-4fa0-a774-ed8acc071fd5,大下和則,https://play-lh.googleusercontent.com/a/ACg8ocKa7t2AGO1EFvf5ezacUxa2YxKdPN1Ra9oVe26keLT7=mo,便利で分かりやすい👍,3,0,5.0.2,2023-11-23 09:36:59,,
d0c8c089-a6c7-4af6-85f8-9c99103b9753,ペンネームサイト,https://play-lh.googleusercontent.com/a/ACg8ocL6vdIDzRDivQ9NAUzpxiVBHCWWwTpSSq81UQUzjyjR=mo,交換チケットが、アプリに入るのが良かった。,5,0,5.0.1,2023-11-21 14:06:36,,
f8281c53-496b-4ca5-a170-451aeb5ff18e,みみちゃん,https://play-lh.googleusercontent.com/a-/ALV-UjWwFAxtytw3ddI_U_-EsKTSN0zrg-TC6YNIQmpxGnP8EX3c,毎週無料クーポンが楽しみです,4,0,5.0.2,2023-11-29 21:15:19,,
66e02b06-ff02-45fa-b279-de17206a79ab,靖男藤本,https://play-lh.googleusercontent.com/a-/ALV-UjULOa0gQauAq2x2OaRezMXZvkIwIacG6gNmI683Q3m5xBg,適度なバランスコンビニ,3,0,5.0.2,2023-11-19 06:44:46,,
87326d47-8398-4de2-9a67-5beb515c392a,Takua Nakamura,https://play-lh.googleusercontent.com/a-/ALV-UjUXtMWF5DX7bbX_lAdA1hBeTGK618dOocW2s1gPySdpmG0,データ専用SIMのスマホでは使えない,1,0,5.0.2,2023-11-10 11:04:09,,
13370ea9-b033-441c-a33a-2436004f9c22,近藤治代,https://play-lh.googleusercontent.com/a/ACg8ocKtHwefPYCdAbguy-QE3oGTlpmaFj28ThXuiRfP8kYX=mo,あまり良いクーポンもないしくじも当たらない。,2,0,5.0.2,2023-11-13 10:50:26,,
da8dfaf7-03f3-4b70-b11e-3175743897eb,井上裕,https://play-lh.googleusercontent.com/a-/ALV-UjXwaFYEbLZpA8LKQk4L324qqTciFE29j4g21ndzxfnWT2Y,ファミペイで無料で先日SAPPORO黒ラベルのロング缶のクーポンが届いたよ。1000円から課金が出来てかなりお得感ありますよ💰🙆,5,0,5.0.2,2023-11-29 11:43:59,,
256ba1c6-f16f-44d5-859c-672599e9d2f2,和成,https://play-lh.googleusercontent.com/a/ACg8ocJaSWwF_p9vQIqc6KadeSJ7Abg5ia85csPUuFHpJknT=mo,新作が発売されると、直ぐに無料クーポンが貰えて助かります❗,5,0,5.0.2,2023-11-28 10:13:24,,
a8fd69b3-6981-47f2-8174-8c8fbe2efcea,アンときのニオイ,https://play-lh.googleusercontent.com/a-/ALV-UjUsgl-RllbJPKwekAGrnyktK24rVGW8XTRwiCQIgsdCxyQ,たまにだが、アルコールくれます‼️ コンビニアプリでも一番良い‼️,4,0,5.0.2,2023-11-30 01:01:13,,
6be3f102-fc6e-43c6-8b49-7a2ede87d85f,米田俊一,https://play-lh.googleusercontent.com/a-/ALV-UjV9ScmKkrrKYL47HJtB5Q37jbHkb7qwImAmwNDnzfU2Joc,早くマイナンバーカードの公的個人認証を導入してください。 カードの写真撮ったり、顔を何度も撮影したり不便すぎます。,2,0,5.0.2,2023-11-28 22:37:17,,
e312f1f7-6726-4424-a7b9-068985983c04,lang jeans,https://play-lh.googleusercontent.com/a/ACg8ocLpNWAnHPyXbt-8iYzjcG_cwDMVhAC7oHTIXrVWs8Kx=mo,最高。クーポンと楽天経済圏防がないでね,5,0,5.0.2,2023-11-04 16:34:32,,
95ca1f16-fc0b-468f-bd35-cffc736ccbcc,山下弘晃,https://play-lh.googleusercontent.com/a-/ALV-UjWxJwbT9Ee9pw4pD_T1OljsDQEAL3YIcqo_Lj1DL88Ylg,ファミマのレジ前でフリーズして、立ち上がらない粗悪アプリ,1,0,5.0.2,2023-11-01 14:46:02,,
39833210-da07-49ae-8946-c9d8c3a474f3,K SZ,https://play-lh.googleusercontent.com/a/ACg8ocJO03zU6sDBBqJZBYbYYh974b5BCBauNaqNFk0a3Fp0wA=mo,ファミペイがコンビニの中で一番使いやすいし、クーポンもいい,5,0,5.0.2,2023-11-08 22:05:38,,
114d29c4-7462-4976-a5fe-92c469787105,砂井啓治,https://play-lh.googleusercontent.com/a/ACg8ocLJ0PqU3HNaR1Pv5NwFWv1ULjFDGFIqQjQmH30jgToX=mo,近くに、合ってとても、bestですよ❢此れからも宜しくお願いします🙇。,4,0,5.0.0,2023-11-02 18:51:45,,
453220f7-c2cb-4d77-86aa-7d877f58a423,小口裕之,https://play-lh.googleusercontent.com/a/ACg8ocJkrRZ7pT9VO0zeGZnjACCT4IxwP_3nRV1ZNj0Prg0S=mo,使いやすい、めんどくさくないからいい,5,0,5.0.2,2023-11-08 07:37:07,,
3f4140a2-7337-419a-bc49-a08023ae95d7,TitoDash,https://play-lh.googleusercontent.com/a/ACg8ocL3KfEmPzlQmjmMzLPzr0kt_ZvHw0sv1pM6-DmBWUMA=mo,使おうとするとアップデートがかかる、使う気になれない,1,9,4.12.1,2023-11-01 12:39:40,,
01bb6845-d10b-4380-8895-8ff78b52aab6,高野裕,https://play-lh.googleusercontent.com/a-/ALV-UjXeadmWejkGfbm-RiAWWGFRd10PrvL4DEHG2-Q_gRO-NX0,此れから利用させて頂きます 。便利ですね!,4,0,5.0.2,2023-11-11 23:42:29,,
fd2ce777-52bf-4244-b6e6-a3b649878191,田老長農家,https://play-lh.googleusercontent.com/a/ACg8ocL-r1xSbe3Pti5k36ncsl_zZd-ixqwTV6-SVf8mHe-7=mo,電話番号認証しないと利用できません。確認コードを受信してメッセージアプリを開きこちらのアプリに戻り確認コードを入力しようとしたら初期画面にリセットされ登録できませんでした。,1,0,,2023-11-02 17:40:54,,
ab0e7eec-157c-4e9b-beb3-831ee9cee9ae,やれんのう,https://play-lh.googleusercontent.com/a/ACg8ocKZhtI0PrnnAdJ_BLS21QVYLmit5ohpBoxd1g-jGNw-=mo,本人確認がなかなかできない。マイナンバーカードの写メ送ってもなんぞかんぞ理由つけて、登録させない。何度もやり直しさせる。いい加減にしろ。,2,0,,2023-11-06 18:07:42,,
c17a22fe-b684-4f2c-88f8-a448995b6d98,toshiaki hutaba,https://play-lh.googleusercontent.com/a/ACg8ocKSurtiq_Tl8KymY5y3Ryy__7wWjjGQPUc29Cwq7xiX=mo,2023年10月30日 　アプデしたら勝手にログアウトされました。 　携帯電話解約したからログインできないです！ 　残高返せ！！！ 　あり得ないでしょ！,1,0,,2023-11-12 00:57:10,,
62139d3a-9728-41cc-bfdd-a146a267a821,大嶋義仁,https://play-lh.googleusercontent.com/a/ACg8ocKyPAtGhut3-9B916dk2W3Szxc8p8b-oEkomZOEbG_i=mo,たまーにくれるクーポン最高です。大満足,5,0,5.0.2,2023-11-14 11:25:25,,
e9411f74-6430-4478-a0b5-5e203495213d,nanae torimitsu,https://play-lh.googleusercontent.com/a/ACg8ocJJpHHSVmAAEUR-Y17OkAb1VCse9HG_Gez-4dxVKfmu=mo,クーポン配信されてお得感があります,4,0,5.0.2,2023-11-14 14:55:33,,
8a2b7af1-a25c-4686-8392-5c41d7bb7bd3,坂啓行,https://play-lh.googleusercontent.com/a/ACg8ocJhNlD8b1c2Yt_iPIk0KnYuc_5H931x5ZyqmOYqf8W_=mo,情報がゆ和よくわからない。,4,0,5.0.2,2023-11-05 18:36:30,,
1f4f41b2-391c-4539-a030-4e727ec44922,山田太郎,https://play-lh.googleusercontent.com/a/ACg8ocKz6Kn8IDF5JO0ZcRXp31rupMbh5o8YtBUEQk5LTNkp=mo,他社、ポイントカードと連係し、クーポンも良い,5,0,5.0.2,2023-11-10 12:17:26,,
490e88ca-9ba5-4997-ba7a-2bfb5739cece,稲田恒治,https://play-lh.googleusercontent.com/a/ACg8ocKMpEDN_eFMiD4XNnX8YepZ8ifI56fD6n-qAGoFmP73=mo,使いやすいと思います,5,0,5.0.2,2023-11-30 23:20:07,,
0adee822-ea4b-4996-8dc8-49ef94f9a553,ra Carre,https://play-lh.googleusercontent.com/a-/ALV-UjWS1X31RZBD0eBvfmfsmbO1ziCCEhNw_bD6qgPMNu__JMI,無料クーポンの内容がスゴすぎる。,5,0,5.0.2,2023-11-08 11:35:11,,
b21168ba-c8ac-4673-85d7-7b384f65359b,ポイ活流浪人。,https://play-lh.googleusercontent.com/a-/ALV-UjU1VV_EA6d8q89mxMa0cMghGQCdqeEoJY3G-vyPE3H0C2o,読み終わってるメッセージ…恐らくは過去メッセージ(40件以上有るのに何故かトップのベルアイコンは17件の表示)はこちらの物と思われるがいつまでも前までのメッセージ数がカウントされたままで新しいメッセージが来るとそこにそのメッセージ数がカウントされる。例：過去メッセージ17(先にも触れたが40件以上有るのに)ココに新たなメッセージが2件来ると19になってそれを既読するとまた17に戻る、つまり新たに来た物がカウントされて増えて既読するとそれだけが減ると言う謎の仕様…と、言うかマトモな物をリリースしろや！,1,28,5.1.0,2023-12-09 04:21:43,,
c1852186-15f8-4e6a-a329-84c1d01e7477,小久保N,https://play-lh.googleusercontent.com/a/ACg8ocLK_yykGhJJTk9S7Puatmj-ao7EeLYyo1OmfSJdVTq5=mo,アップデート後なのかな？ 出勤前(8時半ぐらい)に毎日ぐらい使ってますが、立ち上げにめっちゃ時間かかる！！それに回数券を、表示するまでもクルクルずっと読み込んで、何回もエラーがあったり……店舗入ってから、5分ぐらいかかってやっとレジができるって…ヤバいと思う。 朝だけいつも遅いので、改善を求めます！！ それと立ち上げから、回数券までの表示をもっと簡単にして！(立ち上げ→ホーム→クーポン→回数券→セットする→ホーム)面倒くさすぎるし、すごく時間かかります。 朝の急がしい時間の一手間をなんとかして下さい！！,2,18,5.1.0,2023-12-15 12:27:56,,
0baf3296-e31c-4bb8-9677-78f5753972bb,サクライシンジ,https://play-lh.googleusercontent.com/a/ACg8ocLMrgIDKIcdKyND4YLXlTQJUAuT1Tt0ZjxjaZ9Lqjzw=mo,自社ペイアプリなので他のコンビニに比べて、アプリ配信割引クーポンの使い勝手がよい。割引バーコード別に出すのって忘れるんですよね。後は課金用やネット買い物にバーチャルクレカ使ってます。ハ○ロー何かに比べボーナスペイのゲームもすぐ結果がわかるから当たらなくてもストレスを感じない。問題は個人的にファミマで買う機会が少なくなったことと、チャージ特典の改悪かなぁ。,4,0,5.1.0,2023-12-20 14:06:32,,
427aca9c-2fd1-4af8-bf2a-1c97b5186841,浅田恵子,https://play-lh.googleusercontent.com/a/ACg8ocIpfn3Ud8cBjqXaTIjk9MIgl29hrDyfHcvdnnmZdSN6=mo,消せない広告まででかでかと出してきてますます不愉快。更新強要される。色々不愉快。自社の広告だらけで不愉快。しつこすぎる。チャンスと言う言い方も不愉快。ポイントカードを登録しているのにいつの間にかポイント付かなくなっていて9回目にたまたま気づいてポイントが付くように元に戻した。8回分ポイント付いてない。ひどい。アプリを使わなければ付いたのに。ひどすぎる。,1,3,5.0.2,2023-12-17 03:09:26,,
76c22355-d916-453e-9986-eafc22561ece,のぶ,https://play-lh.googleusercontent.com/a/ACg8ocLGm0crcawxujgnVrk6N6wiAz3z_2rlH-cURijSi2vIFA=mo,だいぶ前からクジが全く当たらなくなった。なるべくファミマのつもりがファミマじゃ無くて良くなった。 デジタル領収はどこ行きました？ 少し前に買ったIQOSのユーザー登録してなかったからいつ買ったか知りたかったのにデジタル領収が無い。 使った金額は解るけど詳細はどこ？見てた場所から無くなった。 見つけれないだけ？ もし詳細を無くしたならやめて欲しい。 レジ打ち間違いが多いのに。 5連連なった100円ちょいのお菓子をバーコード5コ付いてるから×5でとられる所だったし割引がされてない事もよくあるのに無いと困る。いずれも店出たり家に帰ってから気づいたから後から対応してもらったけど。レシートを保存しとかないとダメになった？もしほんとに領収書が無くなってるなら無くなる事をユーザーが分かるように承諾か通知は欲しかった。,3,1,5.1.0,2023-12-07 08:23:54,,
b6a73a1a-549b-4489-9733-4ef1369e9896,CapitaF,https://play-lh.googleusercontent.com/a-/ALV-UjXNC4OioCPNkIJ2pwzb6QFFsx4_6sRhOOHBG9vJkPVZgxxr,ファミマで買い物する時、ファミマ以外では還元あり請求書払いが封じられている時、強めの還元率キャンペーン開催中の時以外では使っていない。支払手段の一番手ではなく、消去法的に辿り着くことが殆どだが、入れておいて役立つタイプ。時々、無料クーポンが入っているのが地味に嬉しい。,3,1,5.1.0,2023-12-17 21:17:01,,
8a9fbb44-96df-4101-b0f9-faffe7a1894e,閃光魔術。,https://play-lh.googleusercontent.com/a-/ALV-UjXut1ksTEFspC4uS5WKa_kuRKDHSHAnqO2QoCsSfaIT_qw,ファミマに行かなければ使わなくて良いアプリだが使わなくても入れている。アプリが始まってから今までわずか２回だけチャージ（1000×2）更新されては使いづらくなり今はポイントも残金に合わさっちゃう始末でポイントが見えなくなり2度とチャージしないし使わない。入れてるだけでメリットはあるから放置,1,2,5.1.0,2023-12-15 17:55:57,,
5501b612-1477-4ec7-b235-11e70483f581,M. “キリト” SAEKI,https://play-lh.googleusercontent.com/a-/ALV-UjWvOXMLadTLHQfYnCyj9vSBR7rr63UbC8Rcfn9uw7pV60E,ファミペイの暗証Noが登録した数字を入力したのに、認証出来なくなっている、その前日にクレジットで、3000円入金出来ているのに、暗証No.何回か試していると、ロックがかかって、挙げ句の果てに、ロック解除のナビダイヤルも、使い物にならない、最低、最近のセキュリティは、本人を信用出来ないシステムになっている、アホなAIやめてほしい。,1,2,5.1.0,2023-12-19 11:24:30,,
76e4c40c-1a6b-42c6-ac61-be16a2800f95,ハギシン,https://play-lh.googleusercontent.com/a/ACg8ocJ5w4VAUFOkEuWk-wRAbw8nP00c1mfwWEflJatL8fuP=mo,オートチャージが便利で使ってたけど、いつの間にかオートチャージできなくなってた。ファミペイ翌月払いを執拗に勧めてくるが、クレジット払いには対応しておらず、個人情報の入力まで求められる。ファミペイ使うためにファミマＴカード作ったのに、意味がわからない。カード作るときに個人情報の提出や信用審査もやってるのに。大手コンビニだとファミマが一番好きだけど、アプリが糞仕様なのが残念すぎる。,2,3,5.0.2,2023-12-05 00:41:27,,
78ded3bb-6f3d-43fe-ac37-e9835b9528ba,Hiroaki Sakairi (しぃぶっくあのう),https://play-lh.googleusercontent.com/a/ACg8ocJQ5Lj_VnMADZIVI4upP_laUwjzfad3kVU0PO-KnTo6=mo,使い易く商品の割り引きや無料で提供される物もありファミマ好きの者としましては良いアプリだと思いますです😊 「欲を言えば、商品のラインナップを増やしてもらえれば良いのですが・・・🤔」 毎年🎄クリスマスにはファミマへ行き店頭で三種の○○○等を頼んでましたが！？今年からはアプリを使わせて貰い助かって折りますです🥳 追伸：直接アプリとは関係ない事ですが！？ 入店した計りなのかは分りませんが、店員さんがアプリの使い方を知らなかったのにはちょっと呆れ😧驚きましたけどね・・・。,4,1,5.1.0,2023-12-12 14:59:35,,
06c61309-2c71-4bf7-b75a-a259826f4b84,tto Nee,https://play-lh.googleusercontent.com/a-/ALV-UjU_31oP4pQ78iUK6ZOlSqtPnTO2hxuVXmG5E6bagXxEbSyj,使えるカード、銀行口座が少ないです。 地方銀行は全滅。クレカも、JCB系列しか使えませんでした。 ゆうちょ銀行とかであれば使えます。 自分は主にポイント用に使用しようかなと思います。決済と店頭チャージは簡単なので、星3にしました。 以下、2023/12/09更新 ファミペイポイント貰えるイベントものですが、デイリーのチャレンジの演出が無駄に長いので演出スキップの実装をずっと待ってますが中々来ないのでこちらに書かせて頂きます。カードも未だにJCBしか使えないので、星2に変更します。,2,2,5.1.0,2023-12-09 19:41:26,,
0072f512-1aa7-47c7-94d0-8ed96bb9a3a1,山下由佳,https://play-lh.googleusercontent.com/a/ACg8ocI5OjJ8r9_WiPkhvRhrtpSRxadRW5wIH7RGDdcBdJRr=mo,最近更新してから、急にデータ通信量が増えたのですが何を通信してるんでしょうか…？支払いのたびに数十MBも通信されるのは困りますね。これなら他の支払い方法を選ばざるを得ません。アプリのデザインも変わって使いづらくなり残念です…,1,8,5.1.0,2023-12-08 18:10:09,,
9b86c954-2c2f-40e6-8b6b-a6503a478b3b,Takahiro SHUTOH,https://play-lh.googleusercontent.com/a/ACg8ocLzJG_Ll_3YVvE0Z5QHrWjFyCxeenqNqCD2q_yFqZ4tNw=mo,通知の仕様が迷惑すぎる。ゴミ同然のクーポンの知らせのために他のアプリよりも盛大な通知をしてくるなよ。あと、UIが崩壊してる。 チャットボットもオペレーターも品質が酷い。,1,2,5.1.0,2023-12-14 08:09:44,,
df6639fa-c0e4-49ad-8a6a-77dbe183c2af,S Arai,https://play-lh.googleusercontent.com/a-/ALV-UjV6MHEhkjgDFX6LkT52SzlGieLgxZ9hcVWQkB45Gv4yXg8,ファミペイチャージの入金方法で手持ちのクレジットカードが対応していない。 基本的に決済系情報は紐付けたくない。 セルフレジや専用ポートでチャージできるようになれば使いやすいのに。,2,5,5.0.2,2023-12-03 16:35:17,,
ea3ee0ce-1c01-40b5-9088-eeb473cec043,ぺーはー,https://play-lh.googleusercontent.com/a/ACg8ocLRWMzn0BBBV0IbxndX3zeIjYYT-EQLo6biQ_BUIaka=mo,大好き!スイーツ、パンもおにぎりも全部自分好みのものばかり!どこかのコンビニと違い値段にあった質と量!アプリ使いやすいうえにレシートのＱＲコードですぐクーポンとれるとこも一番超便利!なんでもっと早くアプリいれなかったのかと後悔してる,5,0,5.0.2,2023-12-02 13:44:27,,
aa7a2c35-efa8-4e44-ab0b-f7efcfa77ff7,hazama black,https://play-lh.googleusercontent.com/a-/ALV-UjVx2RvwDp02D8hPmhYMEELjTiYMVyle8ch8cdydt-907Dbf,常にクーポンが貰えるし、ロールティシュやらパンやらお菓子やら50円引きとか100円引きが遣える。たまに太っ腹なファミマアプリは無料でファブリーズや洗剤や電子タバコにファミマルのペットボトルのお茶貰えるし、Lucky。更に普通のdocomoPoint登録すると2重にPoint付くので便利。毎日無料ゲームしますと地道にPoint貯まるし、コンビニ好きな方は必ずインソールすべきです。最近はコンビニはファミマしか行かないです。因みに2重Point貯まるのは「Tポイントカード」or「楽天pay」「docomoPoint」のみです。 ❌auとSoftBankの方は普通のPointカードでもクレカの方もPoint2重取り出来ないので。,5,0,5.1.0,2023-12-19 18:32:00,,
62802ab1-9614-4a0f-92c6-82d3b184bf7c,Masahiro KOMAKI,https://play-lh.googleusercontent.com/a-/ALV-UjUg9ecQUIgF_F1c-jNrRJECY9EY6_toKQwd2zdkfwQxbXk,アプデしてからかは分かりませんが、クーポンをセットして支払いの為だけにアプリをちょっとしか開いていないのに以前と比べて通信量が10倍ほど多くなった（1回につき70〜80MBって…）ファミマ使いたくなくなった,3,9,5.1.0,2023-12-15 16:00:06,,
86c8f514-fc99-4caf-bb67-49251e4c9767,あーちゃんあーちゃん,https://play-lh.googleusercontent.com/a/ACg8ocIVTK4mt0UW5c0xz_2dB5WYyhwUiCzEmiCVLk--GKsv=mo,使いこなせるとお得なことが多い レジでお店の方に教えていただくことが多いので高齢者にも使いこなせるように告知活動をしていただけると嬉しいです,5,0,5.0.2,2023-12-01 14:37:49,,
bb0f3c70-9258-4a87-bc38-7cd08ed2d2cd,狐鈴,https://play-lh.googleusercontent.com/a/ACg8ocJgzDL9qnPVY4nZDTN6rYnnGtS8_rCpJMWiQgk7WJ3Y=mo,近々のアップデートからかデータ通信量がとんでもなく上がった。トップページにデータ量が重いものを置かないでほしい。,1,2,5.1.0,2023-12-19 18:12:56,,
57f6e6c4-6eee-4e0a-9e62-55f9fe765598,さこさん,https://play-lh.googleusercontent.com/a/ACg8ocIGTQLVLKklGLIFxGfTa5MuijfEKkysJMUayehx4q6H=mo,日常コンビニ使用及び税金等を払うのにも使用しているので、チャージ上限10万(翌月払い10万を併用しても)では足りないことがあるので、早く解除して欲しいです。,3,3,5.1.0,2023-12-16 16:01:18,,
42b2571f-438e-449e-b516-cdd734cfe1de,Masa I,https://play-lh.googleusercontent.com/a/ACg8ocJ6YQo82p8C8GTxF-NVCtGqbMu9SuPSxNBzXXbO1Urj=mo,最近、口座からチャージしたらクルクル状態で戻ってこない。一旦アプリを落として再起動すればチャージされているからまだいいが。,2,0,5.1.0,2023-12-19 10:29:10,,
422db950-29b4-4e78-8274-bdc3d5a31ead,かわし一,https://play-lh.googleusercontent.com/a-/ALV-UjUe_tC0-dZU-RAz4daXhZ4fARXYAwzAicgYq1ErrPkAbe8,クーポン配布とか銀行からチャージとかできて便利　毎日ミニゲームでたまに１円分のポイントとか１度だけだけど１０円とか当たって楽しい　ファミペイで買い物すると別のミニゲームでまたポイントもらえたりして楽しい　けどファミマのカードローンのセールがたまにしつこいかな,4,1,5.1.0,2023-12-19 00:59:34,,
fb572ecb-2052-42d2-9a8c-a533b045dee7,Hiroshi Shiozaki,https://play-lh.googleusercontent.com/a-/ALV-UjUdLFlS66S3Zxndl088pMMxXuqf4KihtNNd9e8lXQhmHPgt,アプリを開く度に20MB程度の通信が発生する様になった。気がつけば今月ファミペイだけでモバイルデータ1GB消費してしまった。,1,9,5.1.0,2023-12-15 22:08:35,,
0f5b71c1-ffc3-4a56-aa4d-448289eb2c62,うずら,https://play-lh.googleusercontent.com/a/ACg8ocKI1j27w2CMIq5k-tGshRuah8oNY3Knq8P1CJsS1-rp=mo,Wi-Fi必須 最近のアップデートで通信量が急に増えて、貯まるポイントよりスマホのプラン変更のほうが高くつきそうな勢いで通信してくれる,1,7,5.1.0,2023-12-17 10:33:29,,
1101ac3f-c2d9-4498-90ff-3b1cf0e67a44,本郷仁一,https://play-lh.googleusercontent.com/a/ACg8ocJMvduxQf7riJP8TPp_QK7DYQkiYU0f-3MMjDFXzoOW=mo,遅い、起動に失敗することが多い メニューがわかりにくい サポートが悪い(サイト毎の内容が異なる) ファミマTカードとの組合せでチャージが安心 意外と色々なところで使える,2,1,5.1.0,2023-12-06 13:50:42,,
ee13c7d2-05d5-48dd-926e-a0adbda11cf5,末岡啓一郎,https://play-lh.googleusercontent.com/a/ACg8ocK39ZuqxlfWfLO1tJlEPddSCBIQD8NG2EZ-BcTeG8Ci=mo,他のアプリは普通にバーコード使えるのに、ファミペイだけ使えなくなってる。 通知された割引クーポンも使えなくて、残念でした。,1,3,5.1.0,2023-12-07 16:46:47,,
d0570497-0474-4b44-8c1e-fe918137dc70,anglerじゅんべ,https://play-lh.googleusercontent.com/a/ACg8ocIMQuq-BptyScU-XFgP6pT0_ryF6hj4GbgI57aa9IH5=mo,アプリの更新で色々配置がかわったり以前まであった電子レシートが無くなったのか見つからず非常に不便になった。,1,5,5.1.0,2023-12-06 18:49:21,,
3a7f97d8-b38c-414e-a3e3-cdf86b0e2cd9,bchiro777,https://play-lh.googleusercontent.com/a-/ALV-UjWVTXWbNmjyz_FjH-vZisCviP80d7K44bOkybHHF1LFSeM,新しいチャレンジページは、何かを動作させると必ずチャレンジ前タブになるので、いちいち切り替えるのが面倒くさい。,1,2,5.1.0,2023-12-09 05:39:06,,
011d9a3e-2acc-4741-90b3-f096288bda5c,ID:3,https://play-lh.googleusercontent.com/a/ACg8ocLWONY1KvWVSmtwWK28mxWCUc3Mv0YQkfErxLW7vjgX=mo,登録したくても認証コードが届かない。設定や色々見直してもこのファミマだけ来ない。他のは何の問題もなくコードは届くのに謎(笑),1,1,5.1.0,2023-12-10 21:27:18,,
992b7e1f-5237-48ec-b4f1-a01423503492,松野聖子,https://play-lh.googleusercontent.com/a/ACg8ocL_Er1Oehh6DEMD6nK2gavK02CceCyOYIoeAqJTOKvM=mo,レシートの詳細が急に見られなくなった。どんな買い物をしたか、内容が見れないのはおかしくないですか？,1,1,5.1.0,2023-12-05 20:53:44,,
33ae3558-8bac-4a4a-9f9a-187504b441f2,mari jyuri,https://play-lh.googleusercontent.com/a/ACg8ocJjKBcpdfARIEEaFDT_uW3lDqs3EZUeFxM62sFdAdk=mo,時折入る情報に、お店に行かなきゃ！ってなってお得に買い物しています。,4,0,5.1.0,2023-12-07 08:17:38,,
cc5b3ba9-66ea-4bee-915c-c0491800a6d1,nise nise,https://play-lh.googleusercontent.com/a-/ALV-UjXeJ3jWEEgEDhOd0t-YUg4Amm-bafTIS7d5owSEJIHFV2Q,通信量が異様に多い。1日に数分しか起動しないのに月半ばで600MBもデータを食うマトモな決済アプリじゃあり得ない,1,2,5.1.0,2023-12-20 12:17:16,,
fa4efbef-abf3-4944-802f-92d9682e8976,宮坂直,https://play-lh.googleusercontent.com/a-/ALV-UjUvAN9KBq4sXxHlBR1V2PQh7mZbMv3s2e_08eDxc-PbNiYg,無料クーポンはうれしいが、４店廻っても陳列すらないものを無料といわれてもなんかバカにされてる感じがするので星は1つです,1,1,5.1.0,2023-12-18 22:41:54,,
a2dfc43f-6ff6-4d35-8dad-1bc8aa229f20,ゆりゆり,https://play-lh.googleusercontent.com/a/ACg8ocKWHoC5KEdclc4T73bpM-ISFiwo2ZrhQORo-q4IEnlA=mo,情報のバッヂが邪魔です。アプリでの通知はオフにしているのにバッヂかつきっぱなし。,1,1,5.1.0,2023-12-08 10:50:31,,
fa499ec9-1803-4cca-8b8c-f63fd029d600,tetsu sus,https://play-lh.googleusercontent.com/a-/ALV-UjWDClqWitTpY2nLs5B-eYMoHkWJccN9EiM5g8UUaLOzzg,きちんと初期設定しないと大音量で通知してくる(他は振動する程度)。不親切なアプリ,1,2,5.1.0,2023-12-14 10:55:17,,
40cc6733-6471-4fd0-8666-af1d5aa30352,顔なし,https://play-lh.googleusercontent.com/a/ACg8ocLTIWb8qs1Kr_BXD0pOdVRwoYzQYPWCierYfKiGCuiM=mo,いつの間にかポイント連携が解除されていて、とっさに使えなかった。。,2,0,5.0.2,2023-12-02 18:26:47,,
4d15299e-34a2-4284-9198-2a2e82cb5898,藤井英博,https://play-lh.googleusercontent.com/a-/ALV-UjXcl4eyFSqQGHqr9cHdHu5H1Dnm3OiyBH1j20P2jkrHoA,ファミマカードを登録しているのに、オートチャージがメニューから無くなって、できなくなった。,1,1,5.1.0,2023-12-08 08:54:03,,
b586b4a3-0627-424d-87e4-c3169c38f19d,I yoshi,https://play-lh.googleusercontent.com/a-/ALV-UjWZHxTsnK20jEHaFkOtC5ubOynaEMcGYEmqv6fxhFNTCQ,アップデートで使いづらくなってしまいました。 特にチャレンジが・・・,2,4,5.1.0,2023-12-15 07:42:27,,
5eaf1acc-f784-4e1b-8d6f-79f66a5e3f1a,さとうたける,https://play-lh.googleusercontent.com/a/ACg8ocIey-T3Tn9eEiPgj2qwhF9L6f7dRMa7OKUtiPCZa-4n=mo,ずっと使ってなかったのにバックグラウンド起動通信しまくって電池とパケット消耗させられてる,1,0,5.1.0,2023-12-20 20:46:37,,
517baf78-bb26-47de-be18-469b6f533e9a,Sadaharu Wao,https://play-lh.googleusercontent.com/a-/ALV-UjU4juFt24Xyy2_RETcQ0_YY-zvVPM0YURyMxdh3e9zvnQ,もっとお得になってほしいですけど、使いやすさ、わかりやすさは充分です,5,0,5.0.2,2023-12-20 12:17:18,,
f82c2580-f0d4-43d0-86af-6ce6c0b7bd15,中島聡,https://play-lh.googleusercontent.com/a-/ALV-UjX_AyLVmU21Ej86BTauDnsYBIPKADwHekUSDHeoTwnqh9xO,アンインストールしました。 本格的に利用していこうとしてましたが 本人確認を何回しても出来ません。 写真の写りが悪いやらな何やら、毎回違う理由を付けてその都度、1からやり直し。 他の証券口座開設やふるさと納税納付は全てパスしてるのに… また問い合わせフォームの返事も遅い上に不適切。 疲れました。,1,1,,2023-12-15 00:40:04,,
67954b3e-0c37-4072-b2ef-cc77a2f14869,池田はづき,https://play-lh.googleusercontent.com/a-/ALV-UjXFfkb6NBK51AeQiiDylWr0xrLviB2iZkxaP7rz0ljHJKb9,チャレンジが分かりにくくなった。以前の方がよかった,2,5,5.1.0,2023-12-07 19:54:22,,
a4eddaed-c9f8-40db-9878-21e7d3739114,qyusertrue,https://play-lh.googleusercontent.com/a/ACg8ocJeWSamnNkcX4JymUMJcRJzgbaDLu0yoF86L9H9DA6m=mo,皆さんすごいですね。使いこなしてる感。自分は使い方そのものがわからなくて諦めました。,1,1,5.1.0,2023-12-12 08:38:58,,
01d44779-38bc-40c0-84de-eca5f7bf3529,梶田良一,https://play-lh.googleusercontent.com/a/ACg8ocIbgYgBgabAKQG5VtNuxzEPMFh6YerFeDrvwDnGec_A=mo,配信の自分が使えるクーポンがもう少し配信されると嬉しく思います,3,0,5.0.2,2023-12-10 13:31:14,,
2a32140f-2565-40b4-bd2e-1f79e0e8e20b,ニャートルズ天国,https://play-lh.googleusercontent.com/a/ACg8ocJzyDW8pBRUH84RFKw8ZqS4fYL8J0nl_K_Kqzf3qgIv=mo,お得なキャンペーンの商品内容が魅力!,5,0,5.0.2,2023-12-01 17:17:05,,
2c73abc7-854b-4b45-a51f-26f59235a739,本多元美,https://play-lh.googleusercontent.com/a-/ALV-UjXScMd-W64OwMFWyBbhhYpNcuQL1DaeqEslWqCBaf1YOsIo,ファミマスイーツクーポン助かってます。王道のショコラ系も好きですが、最近フロランタンにはまってます。,3,0,5.0.2,2023-12-03 11:06:55,,
c3371afb-5b9e-4028-a2a9-8101b5eec517,大好き食べるの,https://play-lh.googleusercontent.com/a-/ALV-UjWTE5NTBImnwWucvvQSyWy1st64Jr23jwI4YbXsWtbR1Tg,毎日ポイント当たるチャンスやたまに無料クーポンが配布されてお得です。,5,0,5.0.2,2023-12-06 04:38:18,,
c6d767bc-e035-4e23-babc-1353abc35484,べっちべっち,https://play-lh.googleusercontent.com/a/ACg8ocIaB3b54gvYxkPa1vz3erNpFfJD6lPOutwVRtk7B11Y=mo,お知らせを見ても既読数が減らない。メッセージの消去機能がほしい,1,6,5.1.0,2023-12-07 23:30:39,,
cf5f342d-9dc3-412d-bb35-9322e403611c,みっちぃ,https://play-lh.googleusercontent.com/a-/ALV-UjXeS40h56siBmEy6zdkUo-YtWfAG38-X1jIzD5p2_XiHg,今回のアップデート別に変えなくてもいいんじゃないの不便になりましたと金曜日のファミペイチャージで割引クーポンまたやって欲しいかなの星減りですかね,3,2,5.1.0,2023-12-06 18:01:46,,
6b8824de-53d0-4f19-8385-fed5666ce194,naka fusa,https://play-lh.googleusercontent.com/a/ACg8ocKGsLABXVV2o4KffP_bhG9Fk7TVtiKcyuVsjsDHDBNT=mo,ファミペィ使いやすいです。商品も豊富です。,1,0,5.1.0,2023-12-14 16:32:33,,
39a624bb-2f04-44a3-8ae5-3333eba0d256,T H,https://play-lh.googleusercontent.com/a/ACg8ocIjps8qls2VqPYK09SGgPz2-8q2V2qjmGeCwUffDrj_=mo,シャープのSIMフリースマホSH-M26で使用 インストールはでき、初期画面は表示される。 正しいログインIDとパスワードを入力しSMS認証も通っているのに、読み込み画面のまま進捗しません。 キャッシュを削除しても同じで、使えません。,1,1,,2023-12-10 12:56:45,,
6439cb9d-892e-48b3-85ae-294d27b15668,ふ,https://play-lh.googleusercontent.com/a/ACg8ocLE-EYMq5_n-eOOBkGBEAjxJRUWt5gn40BmTvNGyZDF=mo,電子レシートの機能がなく不便です！,1,0,5.1.0,2023-12-06 11:36:57,,
d5f85d9a-50c2-4ed9-a88c-99821d171491,mayumi,https://play-lh.googleusercontent.com/a-/ALV-UjU0KbaaZbS5kFureqSpsWxQD2S1jp-F2aOU9uWdogCr6h8,こんなにお得が多いなんて驚きと感動です。,5,1,5.1.0,2023-12-11 11:41:09,,
fea30634-bc80-4839-aac8-54f900647071,mino i,https://play-lh.googleusercontent.com/a/ACg8ocINHMa6zWT8ZudmuNMBrVHvzM0Ta4S9uUBC_2xtehUr=mo,関西圏内何処でも店舗があり、使い勝手が良い。,4,0,5.1.0,2023-12-14 23:42:46,,
bb3f52b2-a495-45dc-b387-9049b69042a3,流合瞳,https://play-lh.googleusercontent.com/a/ACg8ocIYCa6oDod3jtdVDs1GuRgZ34aH6jie0mlWvI9dfBbT=mo,ファミペイ開いて通知みたら消えてたのが更新ありしたら右上開いたら表示変わりみても消えない,3,3,5.1.0,2023-12-06 00:01:47,,
c5eaad04-ab00-4a8a-9693-e65b8f5fe68c,直紀梅津,https://play-lh.googleusercontent.com/a-/ALV-UjUSJOYX-cPTc5rFcLUFQyJHsyxy3rTVCFWNP_JKXrBCK0g,買い物する都度ゲームが出来て楽しい,4,0,5.1.0,2023-12-09 16:39:29,,
4fc821ed-61be-49d3-9241-ca0de5c4317f,gh ui,https://play-lh.googleusercontent.com/a/ACg8ocK-0fb53QjMyOuo_cMYVtzseWb2AoVoIqWzTPczUPiq=mo,アップデートしてから、起動してから表示されるまで読み込みがかなり遅くなってる。前は速かったのに。,2,4,,2023-12-10 12:43:37,,
116eba7b-d568-4a76-996b-c117182043c6,清美,https://play-lh.googleusercontent.com/a/ACg8ocIZk2FVcmdZV28VyadAM_Lx9teA1vPLmLhexNTPEO5D=mo,使える店舗が増えた。,4,0,5.1.0,2023-12-16 10:44:11,,
5adbcbeb-2cf8-489a-9a44-a94c2bdbd39c,Ryo Shirai,https://play-lh.googleusercontent.com/a-/ALV-UjXhM7gR-9hI4x8hDiLavKESlYIoDaPFNL5SpPiE52jlZg,ファミリーマートをよく使い一手間を惜しまないのであればインストールするべきだと思います。,5,1,5.1.0,2023-12-07 14:23:09,,
bbca8776-9cba-4283-9518-4896ee870719,内田有紀夫,https://play-lh.googleusercontent.com/a/ACg8ocLHP1Bcqc44kSTohVQuw2pTUDoO7wobW-00WaFU0Fra=mo,お酒類等、偶に無料のクーポンが配信されるのは良いですね！,4,0,5.1.0,2023-12-18 08:20:51,,
3c7dcee1-ad3e-4933-b70c-e359085335e7,Kurage Momo,https://play-lh.googleusercontent.com/a-/ALV-UjXgGC2dP7ZQ_kZhQprV-1TluysHBI-DoBy5PYlOmDfIbri4,料金支払いでもポイントがつくところが魅力です。,3,0,5.0.2,2023-12-01 13:58:44,,
6bc51697-2ce0-4b8f-a989-e6a3da73976b,竹田清恵,https://play-lh.googleusercontent.com/a/ACg8ocLtF77TdkB6ylQk2EngGQdr0R5oqRAI0FQBAFbIDIZU=mo,毎日確認するのが楽しい,5,0,5.1.0,2023-12-17 09:56:09,,
b28201fd-ca13-4df1-adf6-4c0c9daac3a2,亜須佳,https://play-lh.googleusercontent.com/a/ACg8ocLQYfpMVSrmihc5qD6Pq0Z0F4msNjY3YTJemFnkoXIH=mo,定員さんが優しくてとても良かったです。,5,0,5.1.0,2023-12-17 08:02:55,,
36c9cc2a-1ad4-4725-a383-beedec836417,g 8557,https://play-lh.googleusercontent.com/a-/ALV-UjXDyQIeOECmjEHW_dJpLzqyzOmpSmB7AtK1Z289RUIqFA,履歴が出力出来ない、スクショ出来ない最悪,1,0,5.1.0,2023-12-16 21:05:39,,
21559d22-4058-414f-98f2-208b1f8e1f30,******,https://play-lh.googleusercontent.com/a-/ALV-UjVY4NW_gtyA_v_E6swySHDMiLK4Q5r6JTXMBYDzgbJa6aw,起動のたびに30MBくらい持っていかれるようになったのだが？ マジ勘弁,1,9,5.1.0,2023-12-13 21:05:00,,
48dbd70f-ebd7-41b3-a461-28dc2b159616,ホーリー,https://play-lh.googleusercontent.com/a-/ALV-UjWnUcpYruRM_pHvrXPjF-hha6HxbskJ2H-MpxauhcMdcP0,稀に無料クーポンが貰えて、とても嬉しいです✨,5,0,5.1.0,2023-12-05 23:03:58,,
7170755d-76d3-49a2-8a21-fc66fb320f95,Kosk 884,https://play-lh.googleusercontent.com/a/ACg8ocIxqiTxOQUSQSveAfnfC39Z3KSDlH4Obgp1ABrF0vA=mo,使いづらい 見づらい 店舗検索もできない,2,0,5.1.0,2023-12-07 09:33:13,,
dcf3a24e-999d-4207-bdff-ea56c692aa90,Ryo Nagamatsu,https://play-lh.googleusercontent.com/a-/ALV-UjURmgVBJSZRZxM_7PbMcU9owhW3DmKImGlwZZUtSPY5MUkV,使いやすいとは思います。,4,0,5.1.0,2023-12-11 21:55:10,,
0beee19f-ea47-4b06-a378-67021c434335,秋葉真理子,https://play-lh.googleusercontent.com/a/ACg8ocLT6RCaJ3AFKxd1w1OdcCuavcEobqo0CzLeu0YZH10l=mo,パンがとても美味しいよ～。,3,0,5.1.0,2023-12-10 02:21:26,,
f5e6e4ee-6fcd-4c53-84eb-58c1bdc2fb5e,みのむし,https://play-lh.googleusercontent.com/a/ACg8ocL24XJUJ_dcRszSHyRBjygKUSz7cydfUsGhPJQEeYeL=mo,コンビニ3社の中でファミマが一番、姑息。 クーポンの期限をあり得ないくらい短く設定したり、アプリで３日以内に受け取らないと失効するとかそんなのばっかり。 他のコンビニのほうが信頼できる。,1,1,,2023-12-16 14:51:12,,
01da8fd4-082c-4598-9d1e-59e45dd0ed73,しんしん,https://play-lh.googleusercontent.com/a-/ALV-UjXNMSVMv9WyA0eD_jBmJO1I5xrbaAFoPB_Bo11CNKqzCrk,いつもファミマアプリにはお世話になってます。使ってみて,4,0,5.1.0,2023-12-10 19:34:49,,
0d51204b-87ab-4e97-8868-f44860aeec17,橋野友子,https://play-lh.googleusercontent.com/a/ACg8ocKbz8qoEBoHcYs62MR1TemiDZeAQZTyuj2KjBGRwNlW=mo,ファミペイポイント　頂きました！嬉しいです！,5,0,5.0.1,2023-12-15 05:13:35,,
ebb7702b-e0a9-4f99-819e-6c81fc1759f0,中川繁,https://play-lh.googleusercontent.com/a/ACg8ocK-B3PbCR1JNos0mxCslAgSUIc7usn-N7ye0CbV9aA_=mo,登録手続きに予期せぬ時間を要した。,3,1,5.1.0,2023-12-08 15:21:25,,
995510a8-e0ec-4aea-a40e-257addfbb3ae,コールマン,https://play-lh.googleusercontent.com/a-/ALV-UjWrcGNkmeCstFpnr2nrDf-42qr_fatn5TQaav7jMDSgQiTX,色んな特典があって楽しい,4,0,5.0.2,2023-12-05 10:08:27,,
5c971e3f-85d5-4b55-b15f-3943de82c8a3,さすらい人素浪人（南の虎）,https://play-lh.googleusercontent.com/a/ACg8ocJaO4M64Sah8l9re9wVxH8Rh0NDUvYCQ43bOxd3lGNW=mo,暗証番号の再設定に１４０円だよ 050に電話させるサポートって 利用者に無駄カネさせることなんだ,1,2,5.1.0,2023-12-11 12:21:12,,
84c23e84-8e5a-4953-88aa-d50d0232f337,いちかわけんいち,https://play-lh.googleusercontent.com/a/ACg8ocIlUawlrBFr4IT4JhMvdg_DNl4QUWmCXzk5S5dRcbJv=mo,美味しい。もっと食べたい。,5,0,5.1.0,2023-12-12 19:36:05,,
